Season,Age,Team,Pos,G,GS,Cmp,Att,Cmp%,Yds,TD,TD%,Int,Int%,1D,Succ%,Lng,Y/A,AY/A,Y/C,Y/G,Rate,QBR,Sk,Yds_sack,Sk%,NY/A,ANY/A,4QC,GWD,Player
2020,24,CIN,QB,10,10,264,404,65.3,2688,13,3.2,5,1.2,150,47.2,67,6.7,5.72,10.2,268.8,89.8,48.5,32,231,7.34,5.64,0,0,7,Joe Burrow
2021,25,CIN,QB,16,16,366,520,70.4,4611,34,6.5,14,2.7,202,47.6,82,8.9,7.51,12.6,288.2,108.3,60.2,51,370,8.93,7.43,2,3,15,Joe Burrow
2022,26,CIN,QB,16,16,414,606,68.3,4475,35,5.8,12,2.0,222,50.1,60,7.4,6.76,10.8,279.7,100.8,60.8,41,259,6.34,6.52,3,4,17,Joe Burrow
2023,27,CIN,QB,10,10,244,365,66.8,2309,15,4.1,6,1.6,115,46.0,64,6.3,5.55,9.5,230.9,91.0,51.6,24,180,6.17,5.47,0,0,8,Joe Burrow
2024,28,CIN,QB,17,17,460,652,70.6,4918,43,6.6,9,1.4,253,53.6,70,7.5,7.28,10.7,289.3,108.5,74.7,48,278,6.86,6.63,1,2,16,Joe Burrow
2016,22,LAR,QB,7,7,112,205,54.6,1089,5,2.4,7,3.4,48,29.4,66,5.3,2.82,9.7,155.6,63.6,18.3,26,222,11.26,3.75,0,0,-2,Jared Goff
2017,23,LAR,QB,15,15,296,477,62.1,3804,28,5.9,7,1.5,177,46.6,94,8.0,7.72,12.9,253.6,100.5,56.3,25,172,4.98,7.24,1,1,15,Jared Goff
2018,24,LAR,QB,16,16,364,561,64.9,4688,32,5.7,12,2.1,233,50.7,70,8.4,7.69,12.9,293.0,101.1,63.6,33,223,5.56,7.52,4,4,18,Jared Goff
2019,25,LAR,QB,16,16,394,626,62.9,4638,22,3.5,16,2.6,220,47.7,66,7.4,6.46,11.8,289.9,86.5,50.6,22,170,3.4,6.9,1,2,12,Jared Goff
2020,26,LAR,QB,15,15,370,552,67.0,3952,20,3.6,13,2.4,194,51.8,56,7.2,6.27,10.7,263.5,90.0,50.8,23,161,4.0,6.59,0,1,10,Jared Goff
2021,27,DET,QB,14,14,332,494,67.2,3245,19,3.8,8,1.6,162,46.9,63,6.6,5.64,9.8,231.8,91.5,45.5,35,280,6.62,5.6,2,2,10,Jared Goff
2022,28,DET,QB,17,17,382,587,65.1,4438,29,4.9,7,1.2,227,50.3,81,7.6,7.45,11.6,261.1,99.3,63.3,23,156,3.77,7.02,3,3,16,Jared Goff
2023,29,DET,QB,17,17,407,605,67.3,4575,30,5.0,12,2.0,227,50.9,70,7.6,6.99,11.2,269.1,97.9,60.3,30,197,4.72,6.89,2,3,16,Jared Goff
2024,30,DET,QB,17,17,390,539,72.4,4629,37,6.9,12,2.2,236,54.7,82,8.6,8.06,11.9,272.3,111.8,68.4,31,234,5.44,7.71,4,4,18,Jared Goff
2018,23,CLE,QB,14,13,310,486,63.8,3725,27,5.6,14,2.9,171,46.0,71,7.7,6.77,12.0,266.1,93.7,51.2,25,173,4.89,6.95,3,4,10,Baker Mayfield
2019,24,CLE,QB,16,16,317,534,59.4,3827,22,4.1,21,3.9,179,42.5,89,7.2,5.29,12.1,239.2,78.8,54.4,40,285,6.97,6.17,1,1,11,Baker Mayfield
2020,25,CLE,QB,16,16,305,486,62.8,3563,26,5.3,8,1.6,188,49.4,75,7.3,6.96,11.7,222.7,95.9,65.5,26,162,5.08,6.64,2,2,14,Baker Mayfield
2021,26,CLE,QB,14,14,253,418,60.5,3010,17,4.1,13,3.1,143,44.3,71,7.2,5.41,11.9,215.0,83.1,40.9,43,269,9.33,5.95,0,0,10,Baker Mayfield
2022,27,2TM,QB,12,10,201,335,60.0,2163,10,3.0,8,2.4,94,38.0,75,6.5,4.81,10.8,180.3,79.0,,36,217,9.7,5.25,1,1,6,Baker Mayfield
2022,27,CAR,QB,7,6,119,206,57.8,1313,6,2.9,6,2.9,49,36.0,75,6.4,4.61,11.0,187.6,74.4,,19,126,8.44,5.28,0,0,3,Baker Mayfield
2022,27,LAR,QB,5,4,82,129,63.6,850,4,3.1,2,1.6,45,41.1,39,6.6,5.13,10.4,170.0,86.4,,17,91,11.64,5.2,1,1,3,Baker Mayfield
2023,28,TAM,QB,17,17,364,566,64.3,4044,28,4.9,10,1.8,188,44.7,75,7.1,6.47,11.1,237.9,94.6,54.3,40,232,6.6,6.29,1,2,13,Baker Mayfield
2024,29,TAM,QB,17,17,407,570,71.4,4500,41,7.2,16,2.8,224,53.9,57,7.9,7.13,11.1,264.7,106.8,61.6,40,248,6.56,6.97,2,2,17,Baker Mayfield
2013,23,NYJ,QB,16.0,16.0,247.0,443.0,55.8,3046.0,12.0,2.7,21.0,4.7,148.0,39.5,69.0,6.9,4.17,12.3,190.4,66.5,41.0,43.0,315.0,8.85,5.62,2.0,5.0,7,Geno Smith
2014,24,NYJ,QB,14.0,13.0,219.0,367.0,59.7,2525.0,13.0,3.5,13.0,3.5,119.0,41.8,74.0,6.9,5.13,11.5,180.4,77.5,45.8,28.0,175.0,7.09,5.95,1.0,2.0,7,Geno Smith
2015,25,NYJ,QB,1.0,0.0,27.0,42.0,64.3,265.0,2.0,4.8,1.0,2.4,14.0,53.3,28.0,6.3,5.36,9.8,265.0,87.9,56.9,3.0,19.0,6.67,5.47,0.0,0.0,1,Geno Smith
2016,26,NYJ,QB,2.0,1.0,8.0,14.0,57.1,126.0,1.0,7.1,1.0,7.1,3.0,41.2,69.0,9.0,4.82,15.8,63.0,81.2,26.2,3.0,19.0,17.65,6.29,0.0,0.0,0,Geno Smith
2017,27,NYG,QB,2.0,1.0,21.0,36.0,58.3,212.0,1.0,2.8,0.0,0.0,8.0,38.5,47.0,5.9,5.64,10.1,106.0,84.5,39.8,3.0,12.0,7.69,5.13,0.0,0.0,1,Geno Smith
2018,28,LAC,QB,5.0,0.0,1.0,4.0,25.0,8.0,0.0,0.0,0.0,0.0,0.0,,8.0,2.0,-1.6,8.0,1.6,39.6,0.7,1.0,16.0,20.0,-1.6,0.0,0.0,0,Geno Smith
2020,30,SEA,QB,1.0,0.0,4.0,5.0,80.0,33.0,0.0,0.0,0.0,0.0,3.0,50.0,14.0,6.6,5.0,8.3,33.0,94.2,3.9,1.0,3.0,16.67,5.0,0.0,0.0,0,Geno Smith
2021,31,SEA,QB,4.0,3.0,65.0,95.0,68.4,702.0,5.0,5.3,1.0,1.1,31.0,44.4,84.0,7.4,5.93,10.8,175.5,103.0,51.8,13.0,117.0,12.04,5.42,0.0,0.0,2,Geno Smith
2022,32,SEA,QB,17.0,17.0,399.0,572.0,69.8,4282.0,30.0,5.2,11.0,1.9,206.0,48.2,54.0,7.5,6.54,10.7,251.9,100.9,62.8,46.0,348.0,7.44,6.37,2.0,3.0,15,Geno Smith
2023,33,SEA,QB,15.0,15.0,323.0,499.0,64.7,3624.0,20.0,4.0,9.0,1.8,169.0,47.2,73.0,7.3,6.39,11.2,241.6,92.1,59.5,31.0,231.0,5.85,6.4,4.0,5.0,12,Geno Smith
2024,34,SEA,QB,17.0,17.0,407.0,578.0,70.4,4320.0,21.0,3.6,15.0,2.6,209.0,48.4,71.0,7.5,5.93,10.6,254.1,93.2,53.8,50.0,338.0,7.96,6.34,4.0,4.0,12,Geno Smith
2018,21,NYJ,QB,13,13,239,414,57.7,2865,17,4.1,15,3.6,130,43.2,76,6.9,5.24,12.0,220.4,77.6,45.9,30,204,6.76,5.99,1,1,7,Sam Darnold
2019,22,NYJ,QB,13,13,273,441,61.9,3024,19,4.3,13,2.9,147,43.7,92,6.9,5.5,11.1,232.6,84.3,45.6,33,212,6.96,5.93,2,3,6,Sam Darnold
2020,23,NYJ,QB,12,12,217,364,59.6,2208,9,2.5,11,3.0,109,38.3,69,6.1,4.16,10.2,184.0,72.7,32.9,35,234,8.77,4.95,0,0,4,Sam Darnold
2021,24,CAR,QB,12,11,243,406,59.9,2527,9,2.2,13,3.2,123,41.0,63,6.2,4.35,10.4,210.6,71.9,38.8,35,204,7.94,5.27,0,0,6,Sam Darnold
2022,25,CAR,QB,6,6,82,140,58.6,1143,7,5.0,3,2.1,57,44.0,52,8.2,7.13,13.9,190.5,92.6,51.4,10,78,6.67,7.1,0,1,4,Sam Darnold
2023,26,SFO,QB,10,1,28,46,60.9,297,2,4.3,1,2.2,15,46.2,48,6.5,4.85,10.6,29.7,85.1,49.3,6,40,11.54,4.94,0,0,1,Sam Darnold
2024,27,MIN,QB,17,17,361,545,66.2,4319,35,6.4,12,2.2,207,47.7,97,7.9,6.99,12.0,254.1,102.5,60.4,48,335,8.09,6.72,3,5,14,Sam Darnold
2018,21,BAL,QB,16,7,99,170,58.2,1201,6,3.5,3,1.8,60,43.5,74,7.1,5.99,12.1,75.1,84.5,42.6,16,71,8.6,6.08,0,1,8,Lamar Jackson
2019,22,BAL,QB,15,15,265,401,66.1,3127,36,9.0,6,1.5,161,50.5,83,7.8,8.19,11.8,208.5,113.3,83.0,23,106,5.42,7.13,1,2,25,Lamar Jackson
2020,23,BAL,QB,15,15,242,376,64.4,2757,26,6.9,9,2.4,138,46.2,47,7.3,6.7,11.4,183.8,99.3,67.3,29,160,7.16,6.41,1,1,18,Lamar Jackson
2021,24,BAL,QB,12,12,246,382,64.4,2882,16,4.2,13,3.4,135,46.9,49,7.5,5.78,11.7,240.2,87.0,56.8,38,190,9.05,6.41,4,4,11,Lamar Jackson
2022,25,BAL,QB,12,12,203,326,62.3,2242,17,5.2,7,2.1,105,44.6,75,6.9,6.12,11.0,186.8,91.1,61.1,26,114,7.39,6.05,1,2,12,Lamar Jackson
2023,26,BAL,QB,16,16,307,457,67.2,3678,24,5.3,7,1.5,167,48.2,80,8.0,7.34,12.0,229.9,102.7,64.7,37,218,7.49,7.0,1,0,19,Lamar Jackson
2024,27,BAL,QB,17,17,316,474,66.7,4172,41,8.6,4,0.8,198,51.3,84,8.8,9.38,13.2,245.4,119.6,77.3,23,149,4.63,8.09,2,2,21,Lamar Jackson
2017,22,KAN,QB,1,1,22,35,62.9,284,0,0.0,1,2.9,15,51.4,51,8.1,6.05,12.9,284.0,76.4,66.8,2,15,5.41,7.27,0,1,1,Patrick Mahomes
2018,23,KAN,QB,16,16,383,580,66.0,5097,50,8.6,12,2.1,237,54.1,89,8.8,8.89,13.3,318.6,113.8,80.3,26,171,4.29,8.13,2,2,22,Patrick Mahomes
2019,24,KAN,QB,14,14,319,484,65.9,4031,26,5.4,5,1.0,176,50.9,83,8.3,8.38,12.6,287.9,105.3,77.7,17,127,3.39,7.79,1,1,17,Patrick Mahomes
2020,25,KAN,QB,15,15,390,588,66.3,4740,38,6.5,6,1.0,238,54.1,75,8.1,8.33,12.2,316.0,108.2,78.1,22,147,3.61,7.53,3,3,17,Patrick Mahomes
2021,26,KAN,QB,17,17,436,658,66.3,4839,37,5.6,13,2.0,260,53.2,75,7.4,7.07,11.1,284.6,98.5,67.7,28,146,4.08,6.84,3,3,18,Patrick Mahomes
2022,27,KAN,QB,17,17,435,648,67.1,5250,41,6.3,12,1.9,272,54.6,67,8.1,7.93,12.1,308.8,105.2,79.0,26,188,3.86,7.51,4,4,19,Patrick Mahomes
2023,28,KAN,QB,16,16,401,597,67.2,4183,27,4.5,14,2.3,206,48.2,67,7.0,6.26,10.4,261.4,92.6,63.1,27,186,4.33,6.41,1,2,15,Patrick Mahomes
2024,29,KAN,QB,16,16,392,581,67.5,3928,26,4.5,11,1.9,214,50.7,54,6.8,6.02,10.0,245.5,93.5,67.6,36,239,5.83,5.98,5,7,14,Patrick Mahomes
2005,22,GNB,QB,3,0,9,16,56.3,65,0,0.0,1,6.3,3,31.6,16.0,4.1,-0.42,7.2,21.7,39.8,,3,28,15.79,1.95,0,0,0,Aaron Rodgers
2006,23,GNB,QB,2,0,6,15,40.0,46,0,0.0,0,0.0,2,16.7,16.0,3.1,1.56,7.7,23.0,48.2,7.9,3,18,16.67,1.56,0,0,0,Aaron Rodgers
2007,24,GNB,QB,2,0,20,28,71.4,218,1,3.6,0,0.0,9,45.2,43.0,7.8,6.9,10.9,109.0,106.0,78.8,3,24,9.68,6.26,0,0,1,Aaron Rodgers
2008,25,GNB,QB,16,16,341,536,63.6,4038,28,5.2,13,2.4,184,45.8,71.0,7.5,6.64,11.8,252.4,93.8,62.9,34,231,5.96,6.68,1,2,15,Aaron Rodgers
2009,26,GNB,QB,16,16,350,541,64.7,4434,30,5.5,7,1.3,198,47.4,83.0,8.2,7.47,12.7,277.1,103.2,69.1,50,306,8.46,6.98,2,2,19,Aaron Rodgers
2010,27,GNB,QB,15,15,312,475,65.7,3922,28,5.9,11,2.3,183,51.4,86.0,8.3,7.5,12.6,261.5,101.2,69.6,31,193,6.13,7.37,0,1,15,Aaron Rodgers
2011,28,GNB,QB,15,15,343,502,68.3,4643,45,9.0,6,1.2,209,53.0,93.0,9.2,9.39,13.5,309.5,122.5,83.8,36,219,6.69,8.22,0,1,23,Aaron Rodgers
2012,29,GNB,QB,16,16,371,552,67.2,4295,39,7.1,8,1.4,215,49.8,73.0,7.8,7.33,11.6,268.4,108.0,71.2,51,293,8.46,6.64,2,3,16,Aaron Rodgers
2013,30,GNB,QB,9,9,193,290,66.6,2536,17,5.9,6,2.1,108,50.2,83.0,8.7,8.0,13.1,281.8,104.9,61.6,21,117,6.75,7.78,1,1,9,Aaron Rodgers
2014,31,GNB,QB,16,16,341,520,65.6,4381,38,7.3,5,1.0,221,52.4,80.0,8.4,8.65,12.8,273.8,112.2,77.8,28,174,5.11,7.68,1,1,22,Aaron Rodgers
2015,32,GNB,QB,16,16,347,572,60.7,3821,31,5.4,8,1.4,177,43.0,65.0,6.7,6.1,11.0,238.8,92.7,60.0,46,314,7.44,5.67,2,2,14,Aaron Rodgers
2016,33,GNB,QB,16,16,401,610,65.7,4428,40,6.6,7,1.1,226,49.6,66.0,7.3,7.24,11.0,276.8,104.2,72.4,35,246,5.43,6.48,0,2,18,Aaron Rodgers
2017,34,GNB,QB,7,7,154,238,64.7,1675,16,6.7,6,2.5,86,47.7,72.0,7.0,5.99,10.9,239.3,97.2,66.6,22,168,8.46,5.8,2,2,6,Aaron Rodgers
2018,35,GNB,QB,16,16,372,597,62.3,4442,25,4.2,2,0.3,200,45.8,75.0,7.4,6.96,11.9,277.6,97.6,58.0,49,353,7.59,6.33,3,3,13,Aaron Rodgers
2019,36,GNB,QB,16,16,353,569,62.0,4002,26,4.6,4,0.7,189,44.0,74.0,7.0,6.71,11.3,250.1,95.4,52.5,36,284,5.95,6.15,2,3,14,Aaron Rodgers
2020,37,GNB,QB,16,16,372,526,70.7,4299,48,9.1,5,1.0,216,55.3,78.0,8.2,8.89,11.6,268.7,121.5,79.8,20,182,3.66,7.54,1,2,18,Aaron Rodgers
2021,38,GNB,QB,16,16,366,531,68.9,4115,37,7.0,4,0.8,213,50.6,75.0,7.7,8.0,11.2,257.2,111.9,74.1,30,188,5.35,7.0,1,2,15,Aaron Rodgers
2022,39,GNB,QB,17,17,350,542,64.6,3695,26,4.8,12,2.2,177,45.1,58.0,6.8,5.95,10.6,217.4,91.1,41.3,32,258,5.57,5.99,3,4,13,Aaron Rodgers
2023,40,NYJ,QB,1,1,0,1,0.0,0,0,0.0,0,0.0,0,,,0.0,-5.0,,0.0,39.6,2.5,1,10,50.0,-5.0,0,0,0,Aaron Rodgers
2024,41,NYJ,QB,17,17,368,584,63.0,3897,28,4.8,11,1.9,192,43.9,71.0,6.7,5.87,10.6,229.2,90.5,48.0,40,302,6.41,5.76,2,3,12,Aaron Rodgers
2020,22,LAC,QB,15,15,396,595,66.6,4336,31,5.2,10,1.7,216,47.8,72,7.3,6.84,10.9,289.1,98.3,62.6,32,218,5.1,6.57,1,3,13,Justin Herbert
2021,23,LAC,QB,17,17,443,672,65.9,5014,38,5.7,15,2.2,256,51.1,72,7.5,6.95,11.3,294.9,97.7,70.9,31,214,4.41,6.83,5,5,18,Justin Herbert
2022,24,LAC,QB,17,17,477,699,68.2,4739,25,3.6,10,1.4,228,46.3,55,6.8,6.22,9.9,278.8,93.2,60.2,38,206,5.16,6.15,4,5,14,Justin Herbert
2023,25,LAC,QB,13,13,297,456,65.1,3134,20,4.4,7,1.5,150,46.2,60,6.9,6.16,10.6,241.1,93.2,64.1,29,233,5.98,5.98,1,1,11,Justin Herbert
2024,26,LAC,QB,17,17,332,504,65.9,3870,23,4.6,3,0.6,175,44.4,66,7.7,7.25,11.7,227.6,101.7,64.8,41,244,7.52,6.65,1,2,14,Justin Herbert
2022,23,SFO,QB,9,5,114,170,67.1,1374,13,7.6,4,2.4,66,50.3,54,8.1,7.57,12.1,152.7,107.3,67.5,11,84,6.08,7.13,1,1,6,Brock Purdy
2023,24,SFO,QB,16,16,308,444,69.4,4280,31,7.0,11,2.5,192,54.7,76,9.6,9.01,13.9,267.5,113.0,72.8,28,153,5.93,8.74,0,0,18,Brock Purdy
2024,25,SFO,QB,15,15,300,455,65.9,3864,20,4.4,12,2.6,178,49.4,76,8.5,7.34,12.9,257.6,96.1,67.9,31,156,6.38,7.63,1,1,13,Brock Purdy
2019,22,ARI,QB,16,16,349,542,64.4,3722,20,3.7,12,2.2,173,43.7,88,6.9,5.55,10.7,232.6,87.4,57.7,48,309,8.14,5.78,1,2,14,Kyler Murray
2020,23,ARI,QB,16,16,375,558,67.2,3971,26,4.7,12,2.2,205,48.9,80,7.1,6.45,10.6,248.2,94.3,61.9,27,176,4.62,6.49,3,4,16,Kyler Murray
2021,24,ARI,QB,14,14,333,481,69.2,3787,24,5.0,10,2.1,172,49.6,77,7.9,6.9,11.4,270.5,100.6,63.2,31,286,6.05,6.84,1,1,16,Kyler Murray
2022,25,ARI,QB,11,11,259,390,66.4,2368,14,3.6,7,1.8,119,45.1,38,6.1,5.16,9.1,215.3,87.2,53.6,25,192,6.02,5.24,1,1,8,Kyler Murray
2023,26,ARI,QB,8,8,176,268,65.7,1799,10,3.7,5,1.9,88,43.7,48,6.7,5.79,10.2,224.9,89.4,47.2,18,119,6.29,5.87,2,2,8,Kyler Murray
2024,27,ARI,QB,17,17,372,541,68.8,3851,21,3.9,11,2.0,191,51.7,60,7.1,6.23,10.4,226.5,93.5,66.5,30,220,5.25,6.36,3,3,15,Kyler Murray
2024,24,DEN,QB,17,17,376,567,66.3,3775,29,5.1,12,2.1,170,43.7,93,6.7,6.12,10.0,222.1,93.3,56.8,24,198,4.06,6.05,3,3,13,Bo Nix
2009,21,DET,QB,10,10,201,377,53.3,2267,13,3.4,20,5.3,111,39.4,75,6.0,3.64,11.3,226.7,61.0,37.1,24,169,5.99,5.23,1,1,3,Matthew Stafford
2010,22,DET,QB,3,3,57,96,59.4,535,6,6.3,1,1.0,28,40.0,36,5.6,5.74,9.4,178.3,91.3,50.1,4,36,4.0,4.99,1,1,2,Matthew Stafford
2011,23,DET,QB,16,16,421,663,63.5,5038,41,6.2,16,2.4,243,49.8,73,7.6,6.98,12.0,314.9,97.2,60.5,36,257,5.15,6.84,3,4,16,Matthew Stafford
2012,24,DET,QB,16,16,435,727,59.8,4967,20,2.8,17,2.3,267,47.5,57,6.8,5.81,11.4,310.4,79.8,56.1,29,212,3.84,6.29,3,3,13,Matthew Stafford
2013,25,DET,QB,16,16,371,634,58.5,4650,29,4.6,19,3.0,223,46.9,87,7.3,6.4,12.5,290.6,84.2,53.5,23,168,3.5,6.82,2,3,13,Matthew Stafford
2014,26,DET,QB,16,16,363,602,60.3,4257,22,3.7,12,2.0,212,43.3,73,7.1,6.03,11.7,266.1,85.7,44.7,45,254,6.96,6.19,5,5,13,Matthew Stafford
2015,27,DET,QB,16,16,398,592,67.2,4262,32,5.4,13,2.2,224,49.4,57,7.2,6.39,10.7,266.4,97.0,58.3,44,251,6.92,6.31,2,3,13,Matthew Stafford
2016,28,DET,QB,16,16,388,594,65.3,4327,24,4.0,10,1.7,218,48.0,73,7.3,6.56,11.2,270.4,93.3,65.2,37,216,5.86,6.52,8,8,14,Matthew Stafford
2017,29,DET,QB,16,16,371,565,65.7,4446,29,5.1,10,1.8,210,45.6,71,7.9,7.01,12.0,277.9,99.3,65.3,47,287,7.68,6.8,1,4,15,Matthew Stafford
2018,30,DET,QB,16,16,367,555,66.1,3777,21,3.8,11,2.0,197,45.7,67,6.8,5.79,10.3,236.1,89.9,51.3,40,255,6.72,5.92,0,1,10,Matthew Stafford
2019,31,DET,QB,8,8,187,291,64.3,2499,19,6.5,5,1.7,117,48.9,66,8.6,8.15,13.4,312.4,106.0,71.3,18,137,5.83,7.64,2,1,8,Matthew Stafford
2020,32,DET,QB,16,16,339,528,64.2,4084,26,4.9,10,1.9,205,47.9,73,7.7,6.89,12.0,255.3,96.3,61.3,38,254,6.71,6.77,3,4,13,Matthew Stafford
2021,33,LAR,QB,17,17,404,601,67.2,4886,41,6.8,17,2.8,233,52.6,79,8.1,7.45,12.1,287.4,102.9,69.2,30,243,4.75,7.36,3,4,15,Matthew Stafford
2022,34,LAR,QB,9,9,206,303,68.0,2087,10,3.3,8,2.6,105,49.7,75,6.9,5.18,10.1,231.9,87.4,52.3,29,208,8.73,5.66,0,0,7,Matthew Stafford
2023,35,LAR,QB,15,15,326,521,62.6,3965,24,4.6,11,2.1,187,47.5,80,7.6,6.8,12.2,264.3,92.5,63.5,30,205,5.44,6.82,1,2,13,Matthew Stafford
2024,36,LAR,QB,16,16,340,517,65.8,3762,20,3.9,8,1.5,176,50.1,69,7.3,6.59,11.1,235.1,93.7,64.7,28,213,5.14,6.51,3,5,12,Matthew Stafford
2018,22,BUF,QB,12,11,169,320,52.8,2074,10,3.1,12,3.8,89,37.1,75,6.5,4.37,12.3,172.8,67.9,49.8,28,213,8.05,5.35,2,3,6,Josh Allen
2019,23,BUF,QB,16,16,271,461,58.8,3089,20,4.3,9,2.0,146,41.7,53,6.7,5.71,11.4,193.1,85.3,49.4,38,237,7.62,5.72,4,5,11,Josh Allen
2020,24,BUF,QB,16,16,396,572,69.2,4544,37,6.5,10,1.7,228,56.5,55,7.9,7.82,11.5,284.0,107.2,76.6,26,159,4.35,7.33,2,3,18,Josh Allen
2021,25,BUF,QB,17,17,409,646,63.3,4407,36,5.6,15,2.3,234,49.4,61,6.8,6.38,10.8,259.2,92.2,66.3,26,164,3.87,6.31,0,0,19,Josh Allen
2022,26,BUF,QB,16,16,359,567,63.3,4283,35,6.2,14,2.5,214,52.2,98,7.6,6.99,11.9,267.7,96.6,73.4,33,162,5.5,6.87,3,4,20,Josh Allen
2023,27,BUF,QB,17,17,385,579,66.5,4306,29,5.0,18,3.1,199,50.7,81,7.4,6.51,11.2,253.3,92.2,69.6,24,152,3.98,6.89,2,4,18,Josh Allen
2024,28,BUF,QB,17,17,307,483,63.6,3731,28,5.8,6,1.2,173,49.1,64,7.7,7.96,12.2,219.5,101.4,77.3,14,63,2.82,7.38,0,2,20,Josh Allen
2023,22,HOU,QB,15,15,319,499,63.9,4108,23,4.6,5,1.0,188,46.7,75,8.2,7.47,12.9,273.9,100.8,57.5,38,331,7.08,7.03,1,3,14,C.J. Stroud
2024,23,HOU,QB,17,17,336,532,63.2,3727,20,3.8,12,2.3,187,43.0,67,7.0,5.44,11.1,219.2,87.0,49.8,52,408,8.9,5.68,1,2,11,C.J. Stroud
2024,24,WAS,QB,17,17,331,480,69.0,3568,25,5.2,9,1.9,170,47.1,86,7.4,6.5,10.8,209.9,100.1,70.6,47,238,8.92,6.32,4,4,20,Jayden Daniels
2024,23,CHI,QB,17,17,351,562,62.5,3541,20,3.6,6,1.1,171,40.3,47,6.3,5.09,10.1,208.3,87.8,46.7,68,466,10.79,4.88,2,1,12,Caleb Williams
2012,24,WAS,QB,3,1,33,48,68.8,466,4,8.3,3,6.3,20,47.1,77,9.7,7.53,14.1,155.3,101.6,77.7,3,27,5.88,8.61,1,1,2,Kirk Cousins
2013,25,WAS,QB,5,3,81,155,52.3,854,4,2.6,7,4.5,42,38.1,62,5.5,3.67,10.5,170.8,58.4,36.5,5,32,3.13,5.14,0,0,-2,Kirk Cousins
2014,26,WAS,QB,6,5,126,204,61.8,1710,10,4.9,9,4.4,75,48.1,81,8.4,6.77,13.6,285.0,86.4,52.3,8,70,3.77,7.74,0,0,4,Kirk Cousins
2015,27,WAS,QB,16,16,379,543,69.8,4166,29,5.3,11,2.0,205,51.1,78,7.7,7.14,11.0,260.4,101.6,67.8,26,186,4.57,6.99,2,3,12,Kirk Cousins
2016,28,WAS,QB,16,16,406,606,67.0,4917,25,4.1,12,2.0,227,51.2,80,8.1,7.45,12.1,307.3,97.2,66.5,23,190,3.66,7.52,4,4,15,Kirk Cousins
2017,29,WAS,QB,16,16,347,540,64.3,4093,27,5.0,13,2.4,194,45.6,74,7.6,6.38,11.8,255.8,93.9,56.2,41,342,7.06,6.46,1,4,12,Kirk Cousins
2018,30,MIN,QB,16,16,425,606,70.1,4298,30,5.0,10,1.7,218,49.4,75,7.1,6.48,10.1,268.6,99.7,59.5,40,262,6.19,6.25,1,0,12,Kirk Cousins
2019,31,MIN,QB,15,15,307,444,69.1,3603,26,5.9,6,1.4,165,50.4,66,8.1,7.73,11.7,240.2,107.4,60.4,28,206,5.93,7.2,1,1,14,Kirk Cousins
2020,32,MIN,QB,16,16,349,516,67.6,4265,35,6.8,13,2.5,212,51.2,71,8.3,7.43,12.2,266.6,105.0,55.8,39,256,7.03,7.22,1,3,14,Kirk Cousins
2021,33,MIN,QB,16,16,372,561,66.3,4221,33,5.9,7,1.2,192,46.2,64,7.5,7.42,11.3,263.8,103.1,58.3,28,197,4.75,6.83,3,4,13,Kirk Cousins
2022,34,MIN,QB,17,17,424,643,65.9,4547,29,4.5,14,2.2,230,46.3,66,7.1,6.05,10.7,267.5,92.5,52.3,46,329,6.68,6.12,8,8,13,Kirk Cousins
2023,35,MIN,QB,8,8,216,311,69.5,2331,18,5.8,5,1.6,112,46.6,62,7.5,7.18,10.8,291.4,103.8,63.2,17,110,5.18,6.77,0,0,7,Kirk Cousins
2024,36,ATL,QB,14,14,303,453,66.9,3508,18,4.0,16,3.5,163,46.4,60,7.7,6.13,11.6,250.6,88.6,50.4,28,201,5.82,6.88,3,3,10,Kirk Cousins
2021,23,GNB,QB,6,1,36,62,58.1,411,2,3.2,3,4.8,22,38.5,62,6.6,4.51,11.4,68.5,68.7,36.8,3,23,4.62,5.97,0,0,2,Jordan Love
2022,24,GNB,QB,4,0,14,21,66.7,195,1,4.8,0,0.0,9,57.1,63,9.3,10.24,13.9,48.8,112.2,83.2,0,0,0.0,9.29,0,0,1,Jordan Love
2023,25,GNB,QB,17,17,372,579,64.2,4159,32,5.5,11,1.9,209,47.6,77,7.2,6.67,11.2,244.6,96.1,62.1,30,242,4.93,6.43,2,3,15,Jordan Love
2024,26,GNB,QB,15,15,268,425,63.1,3389,25,5.9,11,2.6,151,48.3,70,8.0,7.51,12.6,225.9,96.7,69.3,14,95,3.19,7.5,2,2,12,Jordan Love
2020,22,PHI,QB,15,4,77,148,52.0,1061,6,4.1,4,2.7,45,38.5,81,7.2,5.85,13.8,70.7,77.6,33.8,13,59,8.07,6.22,0,0,4,Jalen Hurts
2021,23,PHI,QB,15,15,265,432,61.3,3144,16,3.7,9,2.1,143,43.9,91,7.3,6.35,11.9,209.6,87.2,54.6,26,150,5.68,6.54,2,2,17,Jalen Hurts
2022,24,PHI,QB,15,15,306,460,66.5,3701,22,4.8,6,1.3,165,46.4,68,8.0,7.31,12.1,246.7,101.5,68.3,38,231,7.63,6.97,1,2,20,Jalen Hurts
2023,25,PHI,QB,17,17,352,538,65.4,3858,23,4.3,15,2.8,185,46.7,63,7.2,5.96,11.0,226.9,89.1,60.1,36,222,6.27,6.33,3,4,18,Jalen Hurts
2024,26,PHI,QB,15,15,248,361,68.7,2903,18,5.0,5,1.4,139,46.6,67,8.0,6.93,11.7,193.5,103.7,65.6,38,271,9.52,6.6,3,4,16,Jalen Hurts
2020,22,MIA,QB,10,9,186,290,64.1,1814,11,3.8,5,1.7,100,47.7,35,6.3,5.4,9.8,181.4,87.1,44.8,20,136,6.45,5.41,2,2,5,Tua Tagovailoa
2021,23,MIA,QB,13,12,263,388,67.8,2653,16,4.1,10,2.6,137,50.2,65,6.8,5.81,10.1,204.1,90.1,55.7,20,152,4.9,6.13,0,2,7,Tua Tagovailoa
2022,24,MIA,QB,13,13,259,400,64.8,3548,25,6.3,8,2.0,162,49.9,84,8.9,8.37,13.7,272.9,105.5,70.6,21,163,4.99,8.04,2,2,12,Tua Tagovailoa
2023,25,MIA,QB,17,17,388,560,69.3,4624,29,5.2,14,2.5,222,50.8,78,8.3,7.48,11.9,272.0,101.1,60.8,29,171,4.92,7.56,2,2,16,Tua Tagovailoa
2024,26,MIA,QB,11,11,291,399,72.9,2867,19,4.8,7,1.8,161,51.9,80,7.2,6.61,9.9,260.6,101.4,60.3,21,154,5.0,6.46,2,2,9,Tua Tagovailoa
2012,24,SEA,QB,16,16,252,393,64.1,3118,26,6.6,10,2.5,153,48.1,67,7.9,7.01,12.4,194.9,100.0,72.7,33,203,7.75,6.84,3,4,16,Russell Wilson
2013,25,SEA,QB,16,16,257,407,63.1,3357,26,6.4,9,2.2,157,44.8,80,8.2,7.1,13.1,209.8,101.2,67.2,44,272,9.76,6.84,3,4,17,Russell Wilson
2014,26,SEA,QB,16,16,285,452,63.1,3475,20,4.4,7,1.5,161,42.5,80,7.7,6.72,12.2,217.2,95.0,69.7,42,242,8.5,6.54,1,4,19,Russell Wilson
2015,27,SEA,QB,16,16,329,483,68.1,4024,34,7.0,8,1.7,190,50.8,80,8.3,7.73,12.2,251.5,110.1,68.6,45,265,8.52,7.12,2,2,19,Russell Wilson
2016,28,SEA,QB,16,16,353,546,64.7,4219,21,3.8,11,2.0,193,47.2,59,7.7,6.56,12.0,263.7,92.6,57.1,41,293,6.98,6.69,4,3,14,Russell Wilson
2017,29,SEA,QB,16,16,339,553,61.3,3983,34,6.1,11,2.0,189,43.8,74,7.2,6.45,11.7,248.9,95.4,62.4,43,322,7.21,6.14,2,2,15,Russell Wilson
2018,30,SEA,QB,16,16,280,427,65.6,3448,35,8.2,7,1.6,156,44.1,66,8.1,7.28,12.3,215.5,110.9,63.3,51,355,10.67,6.47,2,4,14,Russell Wilson
2019,31,SEA,QB,16,16,341,516,66.1,4110,31,6.0,5,1.0,190,49.6,60,8.0,7.42,12.1,256.9,106.3,71.5,48,319,8.51,6.72,4,5,15,Russell Wilson
2020,32,SEA,QB,16,16,384,558,68.8,4212,40,7.2,13,2.3,213,51.4,62,7.5,6.82,11.0,263.3,105.1,67.1,47,301,7.77,6.46,3,3,17,Russell Wilson
2021,33,SEA,QB,14,14,259,400,64.8,3113,25,6.3,6,1.5,135,44.6,69,7.8,7.11,12.0,222.4,103.1,60.6,33,266,7.62,6.58,0,1,12,Russell Wilson
2022,34,DEN,QB,15,15,292,483,60.5,3524,16,3.3,11,2.3,142,36.2,67,7.3,5.54,12.1,234.9,84.4,38.7,55,368,10.22,5.87,3,3,9,Russell Wilson
2023,35,DEN,QB,15,15,297,447,66.4,3070,26,5.8,8,1.8,135,43.3,60,6.9,6.04,10.3,204.7,98.0,50.7,45,258,9.15,5.72,4,4,12,Russell Wilson
2024,36,PIT,QB,11,11,214,336,63.7,2482,16,4.8,5,1.5,112,43.6,46,7.4,6.39,11.6,225.6,95.6,51.3,33,219,8.94,6.13,1,1,9,Russell Wilson
2023,22,CAR,QB,16,16,315,527,59.8,2877,11,2.1,10,1.9,133,36.5,48,5.5,3.68,9.1,179.8,73.7,33.4,62,477,10.53,4.07,2,2,6,Bryce Young
2024,23,CAR,QB,14,12,234,384,60.9,2403,15,3.9,9,2.3,117,39.0,83,6.3,5.11,10.3,171.6,82.2,54.1,29,186,7.02,5.37,1,4,8,Bryce Young
2024,22,NWE,QB,13,12,225,338,66.6,2276,15,4.4,10,3.0,112,46.0,40,6.7,5.1,10.1,175.1,88.1,58.6,34,229,9.14,5.5,0,0,8,Drake Maye
2014,23,OAK,QB,16,16,348,599,58.1,3270,21,3.5,12,2.0,163,39.5,77,5.5,4.82,9.4,204.4,76.6,42.1,24,149,3.85,5.01,1,1,5,Derek Carr
2015,24,OAK,QB,16,16,350,573,61.1,3987,32,5.6,13,2.3,188,43.9,68,7.0,6.31,11.4,249.2,91.1,43.1,31,230,5.13,6.22,4,4,13,Derek Carr
2016,25,OAK,QB,15,15,357,560,63.8,3937,28,5.0,6,1.1,191,45.1,75,7.0,7.2,11.0,262.5,96.7,56.1,16,79,2.78,6.7,7,7,12,Derek Carr
2017,26,OAK,QB,15,15,323,515,62.7,3496,22,4.3,13,2.5,168,46.2,87,6.8,6.07,10.8,233.1,86.4,50.4,20,101,3.74,6.35,1,1,10,Derek Carr
2018,27,OAK,QB,16,16,381,553,68.9,4049,19,3.4,10,1.8,197,48.5,66,7.3,6.09,10.6,253.1,93.9,46.5,51,299,8.44,6.21,3,3,11,Derek Carr
2019,28,OAK,QB,16,16,361,513,70.4,4054,21,4.1,8,1.6,191,50.7,75,7.9,7.25,11.2,253.4,100.8,64.1,29,184,5.35,7.14,2,3,11,Derek Carr
2020,29,LVR,QB,16,16,348,517,67.3,4103,27,5.2,9,1.7,192,50.6,85,7.9,7.53,11.8,256.4,101.4,64.3,26,150,4.79,7.28,3,5,14,Derek Carr
2021,30,LVR,QB,17,17,428,626,68.4,4804,23,3.7,14,2.2,217,49.7,61,7.7,6.6,11.2,282.6,94.0,58.4,40,241,6.01,6.85,3,6,12,Derek Carr
2022,31,LVR,QB,15,15,305,502,60.8,3522,24,4.8,14,2.8,161,42.3,60,7.0,6.01,11.5,234.8,86.3,57.6,27,191,5.1,6.3,4,3,12,Derek Carr
2023,32,NOR,QB,17,17,375,548,68.4,3878,25,4.6,8,1.5,185,46.8,58,7.1,6.56,10.3,228.1,97.7,56.5,31,218,5.35,6.32,0,1,12,Derek Carr
2024,33,NOR,QB,10,10,189,279,67.7,2145,15,5.4,5,1.8,93,45.3,71,7.7,7.57,11.3,214.5,101.0,63.4,8,48,2.79,7.31,0,1,7,Derek Carr
2015,21,TAM,QB,16,16,312,535,58.3,4042,22,4.1,15,2.8,201,45.6,68,7.6,6.44,13.0,252.6,84.2,57.2,27,190,4.8,6.85,2,3,13,Jameis Winston
2016,22,TAM,QB,16,16,345,567,60.8,4090,28,4.9,18,3.2,216,47.8,45,7.2,5.98,11.9,255.6,86.1,59.5,35,239,5.81,6.4,1,3,12,Jameis Winston
2017,23,TAM,QB,13,13,282,442,63.8,3504,19,4.3,11,2.5,185,49.7,70,7.9,6.7,12.4,269.5,92.2,52.1,33,207,6.95,6.94,2,2,10,Jameis Winston
2018,24,TAM,QB,11,9,244,378,64.6,2992,19,5.0,14,3.7,152,50.6,64,7.9,6.38,12.3,272.0,90.2,66.2,27,157,6.67,7.0,0,1,9,Jameis Winston
2019,25,TAM,QB,16,16,380,626,60.7,5109,33,5.3,30,4.8,243,46.7,71,8.2,6.15,13.4,319.3,84.3,55.7,47,282,6.98,7.17,2,2,15,Jameis Winston
2020,26,NOR,QB,4,0,7,11,63.6,75,0,0.0,0,0.0,5,38.5,19,6.8,4.92,10.7,18.8,83.5,12.0,2,11,15.38,4.92,0,0,0,Jameis Winston
2021,27,NOR,QB,7,7,95,161,59.0,1170,14,8.7,3,1.9,56,44.8,72,7.3,7.24,12.3,167.1,102.8,69.8,11,69,6.4,6.4,0,1,5,Jameis Winston
2022,28,NOR,QB,3,3,73,115,63.5,858,4,3.5,5,4.3,35,43.7,51,7.5,5.07,11.8,286.0,79.5,34.7,11,74,8.73,6.22,1,1,2,Jameis Winston
2023,29,NOR,QB,7,0,25,47,53.2,264,2,4.3,3,6.4,10,32.7,30,5.6,3.18,10.6,37.7,57.4,35.6,2,13,4.08,5.12,0,0,1,Jameis Winston
2024,30,CLE,QB,12,7,181,296,61.1,2121,13,4.4,12,4.1,103,44.1,89,7.2,5.35,11.7,176.8,80.6,55.6,24,130,7.5,6.22,2,2,4,Jameis Winston
2023,24,TEN,QB,9,9,149,255,58.4,1808,8,3.1,4,1.6,81,37.1,61,7.1,5.66,12.1,200.9,84.2,33.2,28,185,9.89,5.73,1,1,6,Will Levis
2024,25,TEN,QB,12,12,190,301,63.1,2091,13,4.3,12,4.0,86,36.5,98,6.9,4.61,11.0,174.3,81.4,27.8,41,233,11.99,5.43,1,1,5,Will Levis
2019,22,NYG,QB,13,12,284,459,61.9,3027,24,5.2,12,2.6,140,41.0,75,6.6,5.38,10.7,232.8,87.7,55.7,38,295,7.65,5.5,1,2,9,Daniel Jones
2020,23,NYG,QB,14,14,280,448,62.5,2943,11,2.5,10,2.2,157,42.8,53,6.6,4.92,10.5,210.2,80.4,54.0,45,286,9.13,5.39,0,0,9,Daniel Jones
2021,24,NYG,QB,11,11,232,361,64.3,2428,10,2.8,7,1.9,116,43.9,54,6.7,5.62,10.5,220.7,84.8,47.5,22,160,5.74,5.92,1,1,7,Daniel Jones
2022,25,NYG,QB,16,16,317,472,67.2,3205,15,3.2,5,1.1,156,45.7,65,6.8,5.89,10.1,200.3,92.5,62.9,44,243,8.53,5.74,4,5,15,Daniel Jones
2023,26,NYG,QB,6,6,108,160,67.5,909,2,1.3,6,3.8,43,37.4,58,5.7,2.69,8.4,151.5,70.5,36.3,30,167,15.79,3.91,1,1,0,Daniel Jones
2024,27,NYG,QB,10,10,216,341,63.3,2070,8,2.3,7,2.1,106,43.0,43,6.1,4.71,9.6,207.0,79.4,47.8,29,172,7.84,5.13,0,0,5,Daniel Jones
2021,22,JAX,QB,17,17,359,602,59.6,3641,12,2.0,17,2.8,177,44.6,58,6.0,4.54,10.1,214.2,71.9,39.1,32,238,5.05,5.37,1,2,7,Trevor Lawrence
2022,23,JAX,QB,17,17,387,584,66.3,4113,25,4.3,8,1.4,206,48.1,59,7.0,6.66,10.6,241.9,95.2,56.1,27,184,4.42,6.43,3,2,14,Trevor Lawrence
2023,24,JAX,QB,16,16,370,564,65.6,4016,21,3.7,14,2.5,179,46.4,65,7.1,5.98,10.9,251.0,88.5,56.1,35,224,5.84,6.33,1,2,14,Trevor Lawrence
2024,25,JAX,QB,10,10,172,284,60.6,2045,11,3.9,7,2.5,97,45.4,85,7.2,5.99,11.9,204.5,85.2,59.5,18,140,5.96,6.31,0,1,6,Trevor Lawrence
2019,23,JAX,QB,14,12,285,470,60.6,3271,21,4.5,6,1.3,150,41.9,70,7.0,6.44,11.5,233.6,91.2,44.6,33,184,6.56,6.14,3,3,10,Gardner Minshew II
2020,24,JAX,QB,9,8,216,327,66.1,2259,16,4.9,5,1.5,117,48.0,51,6.9,6.23,10.5,251.0,95.9,44.0,27,147,7.63,5.97,1,1,7,Gardner Minshew II
2021,25,PHI,QB,4,2,41,60,68.3,439,4,6.7,1,1.7,24,46.2,36,7.3,6.82,10.7,109.8,104.8,66.2,5,31,7.69,6.28,0,0,2,Gardner Minshew II
2022,26,PHI,QB,5,2,44,76,57.9,663,3,3.9,3,3.9,30,43.9,78,8.7,6.83,15.1,132.6,83.4,41.6,6,28,7.32,7.74,0,0,2,Gardner Minshew II
2023,27,IND,QB,17,13,305,490,62.2,3305,15,3.1,9,1.8,147,41.2,75,6.7,5.75,10.8,194.4,84.6,59.6,34,187,6.49,5.95,2,2,10,Gardner Minshew II
2024,28,LVR,QB,10,9,203,306,66.3,2013,9,2.9,10,3.3,106,44.2,57,6.6,4.71,9.9,201.3,81.0,38.1,29,164,8.66,5.52,1,1,4,Gardner Minshew II
2016,23,DAL,QB,16,16,311,459,67.8,3667,23,5.0,4,0.9,185,52.3,83,8.0,7.86,11.8,229.2,104.9,77.6,25,143,5.17,7.28,5,5,15,Dak Prescott
2017,24,DAL,QB,16,16,308,490,62.9,3324,22,4.5,13,2.7,162,43.3,81,6.8,5.74,10.8,207.8,86.6,70.0,32,185,6.13,6.01,0,4,13,Dak Prescott
2018,25,DAL,QB,16,16,356,526,67.7,3885,22,4.2,8,1.5,184,45.2,90,7.4,6.22,10.9,242.8,96.9,55.2,56,347,9.62,6.08,3,5,14,Dak Prescott
2019,26,DAL,QB,16,16,388,596,65.1,4902,30,5.0,11,1.8,229,52.3,62,8.2,7.84,12.6,306.4,99.7,71.9,23,151,3.72,7.68,0,0,15,Dak Prescott
2020,27,DAL,QB,5,5,151,222,68.0,1856,9,4.1,4,1.8,93,56.0,58,8.4,7.72,12.3,371.2,99.6,73.1,10,66,4.31,7.72,1,1,6,Dak Prescott
2021,28,DAL,QB,16,16,410,596,68.8,4449,37,6.2,10,1.7,227,51.4,51,7.5,7.34,10.9,278.1,104.2,60.5,30,144,4.79,6.88,1,2,14,Dak Prescott
2022,29,DAL,QB,12,12,261,394,66.2,2860,23,5.8,15,3.8,142,51.7,68,7.3,6.08,11.0,238.3,91.1,59.9,20,126,4.83,6.6,2,2,11,Dak Prescott
2023,30,DAL,QB,17,17,410,590,69.5,4516,36,6.1,9,1.5,222,51.5,92,7.7,7.28,11.0,265.6,105.9,72.7,39,255,6.2,6.77,2,3,19,Dak Prescott
2024,31,DAL,QB,8,8,185,286,64.7,1978,11,3.8,8,2.8,87,45.3,65,6.9,5.62,10.7,247.3,86.0,45.3,21,112,6.84,6.08,1,1,5,Dak Prescott
2017,24,DAL,QB,2.0,0.0,1.0,3.0,33.3,2.0,0.0,0.0,0.0,0.0,0.0,,2.0,0.7,0.67,2.0,1.0,42.4,1.0,0.0,0.0,0.0,0.67,0.0,0.0,0,Cooper Rush
2018,25,DAL,QB,1.0,0.0,0.0,0.0,,0.0,0.0,,0.0,,0.0,,,,,,0.0,,,0.0,0.0,,,0.0,0.0,0,Cooper Rush
2019,26,DAL,QB,2.0,0.0,0.0,0.0,,0.0,0.0,,0.0,,0.0,,,,,,0.0,,,0.0,0.0,,,0.0,0.0,0,Cooper Rush
,,,,,,,,,,,,,,,,,,,,,,,,,,,,,,Cooper Rush
2021,28,DAL,QB,5.0,1.0,30.0,47.0,63.8,422.0,3.0,6.4,1.0,2.1,18.0,40.0,73.0,9.0,8.36,14.1,84.4,105.1,47.8,3.0,19.0,6.0,8.06,1.0,1.0,1,Cooper Rush
2022,29,DAL,QB,9.0,5.0,94.0,162.0,58.0,1051.0,5.0,3.1,3.0,1.9,52.0,38.5,46.0,6.5,5.72,11.2,116.8,80.0,60.8,7.0,49.0,4.14,5.93,0.0,2.0,4,Cooper Rush
2023,30,DAL,QB,7.0,0.0,18.0,24.0,75.0,144.0,0.0,0.0,1.0,4.2,7.0,52.0,29.0,6.0,3.64,8.0,20.6,72.2,52.1,1.0,8.0,4.0,5.44,0.0,0.0,0,Cooper Rush
2024,31,DAL,QB,12.0,8.0,187.0,308.0,60.7,1844.0,12.0,3.9,5.0,1.6,92.0,42.4,64.0,6.0,5.5,9.9,153.7,83.8,41.0,13.0,95.0,4.05,5.45,0.0,0.0,4,Cooper Rush
2023,21,IND,QB,4,4,50,84,59.5,577,3,3.6,1,1.2,31,44.0,39,6.9,6.19,11.5,144.3,87.3,45.0,7,29,7.69,6.02,0,0,3,Anthony Richardson
2024,22,IND,QB,11,11,126,264,47.7,1814,8,3.0,12,4.5,73,36.0,69,6.9,4.74,14.4,164.9,61.6,47.4,14,115,5.04,6.11,2,3,6,Anthony Richardson
2008,23,BAL,QB,16,16,257,428,60.0,2971,14,3.3,12,2.8,143,40.4,70,6.9,5.29,11.6,185.7,80.3,47.1,32,276,6.96,5.86,1,1,12,Joe Flacco
2009,24,BAL,QB,16,16,315,499,63.1,3613,21,4.2,12,2.4,184,46.4,72,7.2,6.12,11.5,225.8,88.9,58.5,36,218,6.73,6.35,1,2,13,Joe Flacco
2010,25,BAL,QB,16,16,306,489,62.6,3622,25,5.1,10,2.0,174,44.0,67,7.4,6.39,11.8,226.4,93.6,59.1,40,294,7.56,6.29,2,4,12,Joe Flacco
2011,26,BAL,QB,16,16,312,542,57.6,3610,20,3.7,12,2.2,180,42.1,74,6.7,5.7,11.6,225.6,80.9,63.7,31,203,5.41,5.95,2,3,12,Joe Flacco
2012,27,BAL,QB,16,16,317,531,59.7,3817,22,4.1,10,1.9,178,43.1,61,7.2,6.33,12.0,238.6,87.7,51.1,35,227,6.18,6.34,3,3,13,Joe Flacco
2013,28,BAL,QB,16,16,362,614,59.0,3912,19,3.1,22,3.6,191,38.5,74,6.4,4.5,10.8,244.5,73.1,48.0,48,324,7.25,5.42,2,4,8,Joe Flacco
2014,29,BAL,QB,16,16,344,554,62.1,3986,27,4.9,12,2.2,194,47.8,80,7.2,6.66,11.6,249.1,91.0,68.6,19,167,3.32,6.66,2,2,13,Joe Flacco
2015,30,BAL,QB,10,10,266,413,64.4,2791,14,3.4,12,2.9,125,45.7,50,6.8,5.61,10.5,279.1,83.1,50.8,16,124,3.73,6.22,3,3,5,Joe Flacco
2016,31,BAL,QB,16,16,436,672,64.9,4317,20,3.0,15,2.2,204,43.0,95,6.4,5.39,9.9,269.8,83.5,52.5,33,243,4.68,5.78,2,2,9,Joe Flacco
2017,32,BAL,QB,16,16,352,549,64.1,3141,18,3.3,13,2.4,163,40.6,66,5.7,4.71,8.9,196.3,80.4,47.1,27,205,4.69,5.1,0,0,9,Joe Flacco
2018,33,BAL,QB,9,9,232,379,61.2,2465,12,3.2,6,1.6,119,44.8,71,6.5,5.96,10.6,273.9,84.2,54.8,16,79,4.05,6.04,0,0,7,Joe Flacco
2019,34,DEN,QB,8,8,171,262,65.3,1822,6,2.3,5,1.9,86,42.0,70,7.0,5.29,10.7,227.8,85.1,50.8,26,194,9.03,5.65,0,0,5,Joe Flacco
2020,35,NYJ,QB,5,4,74,134,55.2,864,6,4.5,3,2.2,36,41.8,52,6.4,5.53,11.7,172.8,80.6,50.3,7,69,4.96,5.64,0,0,2,Joe Flacco
2021,36,NYJ,QB,2,1,27,42,64.3,338,3,7.1,0,0.0,14,56.8,62,8.0,8.75,12.5,169.0,113.0,49.5,2,13,4.55,7.39,0,0,1,Joe Flacco
2022,37,NYJ,QB,5,4,110,191,57.6,1051,5,2.6,3,1.6,55,39.3,66,5.5,4.73,9.6,210.2,75.2,36.1,10,66,4.98,4.9,1,1,1,Joe Flacco
2023,38,CLE,QB,5,5,123,204,60.3,1616,13,6.4,8,3.9,60,46.7,75,7.9,6.88,13.1,323.2,90.2,48.3,8,57,3.77,7.35,1,1,5,Joe Flacco
2024,39,IND,QB,8,6,162,248,65.3,1761,12,4.8,7,2.8,87,46.2,65,7.1,5.88,10.9,220.1,90.5,53.4,18,123,6.77,6.16,1,2,5,Joe Flacco
2021,23,NWE,QB,17,17,352,521,67.6,3801,22,4.2,13,2.5,177,49.0,75,7.3,6.22,10.8,223.6,92.5,56.9,28,241,5.1,6.48,1,1,14,Mac Jones
2022,24,NWE,QB,14,14,288,442,65.2,2997,14,3.2,11,2.5,127,41.4,48,6.8,5.36,10.4,214.1,84.8,38.4,34,231,7.14,5.81,0,0,8,Mac Jones
2023,25,NWE,QB,11,11,224,345,64.9,2120,10,2.9,12,3.5,100,43.3,58,6.1,4.5,9.5,192.7,77.0,36.7,22,127,5.99,5.43,1,1,3,Mac Jones
2024,26,JAX,QB,10,7,171,262,65.3,1672,8,3.1,8,3.1,77,42.8,62,6.4,4.97,9.8,167.2,80.5,39.8,14,100,5.07,5.7,1,1,3,Mac Jones
2023,25,LVR,QB,11,10,213,343,62.1,2218,12,3.5,7,2.0,107,43.6,50,6.5,5.37,10.4,201.6,83.9,40.5,24,173,6.54,5.57,0,1,6,Aidan O'Connell
2024,26,LVR,QB,9,7,154,243,63.4,1612,8,3.3,4,1.6,78,47.8,58,6.6,5.97,10.5,179.1,86.7,49.4,10,82,3.95,6.05,1,1,4,Aidan O'Connell
2019,24,PIT,QB,10.0,8.0,176.0,283.0,62.2,1765.0,13.0,4.6,9.0,3.2,80.0,40.6,76.0,6.2,5.02,10.0,176.5,82.0,36.2,15.0,124.0,5.03,5.51,1.0,1.0,3,Mason Rudolph
2020,25,PIT,QB,5.0,1.0,25.0,43.0,58.1,324.0,2.0,4.7,1.0,2.3,13.0,36.4,47.0,7.5,7.07,13.0,64.8,87.7,72.7,1.0,8.0,2.27,7.18,0.0,0.0,1,Mason Rudolph
2021,26,PIT,QB,2.0,1.0,35.0,58.0,60.3,277.0,1.0,1.7,1.0,1.7,16.0,41.4,36.0,4.8,4.34,7.9,138.5,70.8,45.4,0.0,0.0,0.0,4.78,1.0,0.0,1,Mason Rudolph
,,,,,,,,,,,,,,,,,,,,,,,,,,,,,,Mason Rudolph
2023,28,PIT,QB,4.0,3.0,55.0,74.0,74.3,719.0,3.0,4.1,0.0,0.0,26.0,47.5,86.0,9.7,9.2,13.1,179.8,118.0,70.6,6.0,43.0,7.5,8.45,0.0,1.0,2,Mason Rudolph
2024,29,TEN,QB,8.0,5.0,146.0,228.0,64.0,1530.0,9.0,3.9,9.0,3.9,78.0,49.0,47.0,6.7,5.16,10.5,191.3,80.1,55.5,11.0,71.0,4.6,6.1,0.0,1.0,3,Mason Rudolph
2024,24,NOR,QB,7,6,130,228,57.0,1317,4,1.8,5,2.2,62,34.8,41,5.8,4.14,10.1,188.1,70.4,40.3,22,136,8.8,4.72,0,0,2,Spencer Rattler
2017,22,HOU,QB,7.0,6.0,126.0,204.0,61.8,1699.0,19.0,9.3,8.0,3.9,85.0,46.6,72.0,8.3,7.19,13.5,242.7,103.0,83.7,19.0,116.0,8.52,7.1,0.0,0.0,7,Deshaun Watson
2018,23,HOU,QB,16.0,16.0,345.0,505.0,68.3,4165.0,26.0,5.1,9.0,1.8,202.0,46.4,73.0,8.2,6.87,12.1,260.3,103.1,61.8,62.0,384.0,10.93,6.67,5.0,5.0,16,Deshaun Watson
2019,24,HOU,QB,15.0,15.0,333.0,495.0,67.3,3852.0,26.0,5.3,12.0,2.4,191.0,49.4,54.0,7.8,6.63,11.6,256.8,98.0,70.5,44.0,257.0,8.16,6.67,3.0,5.0,16,Deshaun Watson
2020,25,HOU,QB,16.0,16.0,382.0,544.0,70.2,4823.0,33.0,6.1,7.0,1.3,221.0,54.5,77.0,8.9,8.22,12.6,301.4,112.4,63.7,49.0,293.0,8.26,7.64,0.0,0.0,16,Deshaun Watson
,,,,,,,,,,,,,,,,,,,,,,,,,,,,,,Deshaun Watson
2022,27,CLE,QB,6.0,6.0,99.0,170.0,58.2,1102.0,7.0,4.1,5.0,2.9,53.0,41.6,46.0,6.5,4.79,11.1,183.7,79.1,40.4,20.0,106.0,10.53,5.24,0.0,0.0,4,Deshaun Watson
2023,28,CLE,QB,6.0,6.0,105.0,171.0,61.4,1115.0,7.0,4.1,4.0,2.3,52.0,38.3,59.0,6.5,5.27,10.6,185.8,84.3,42.9,17.0,85.0,9.04,5.48,1.0,1.0,4,Deshaun Watson
2024,29,CLE,QB,7.0,7.0,137.0,216.0,63.4,1148.0,5.0,2.3,3.0,1.4,49.0,33.3,35.0,5.3,3.7,8.4,164.0,79.0,23.4,33.0,191.0,13.25,3.84,0.0,0.0,0,Deshaun Watson
2021,22,CHI,QB,12,10,159,270,58.9,1870,7,2.6,10,3.7,83,38.2,64,6.9,4.24,11.8,155.8,73.2,31.4,36,264,11.76,5.25,0,0,6,Justin Fields
2022,23,CHI,QB,15,15,192,318,60.4,2242,17,5.3,11,3.5,91,36.7,56,7.1,4.63,11.7,149.5,85.2,56.3,55,359,14.75,5.05,1,2,16,Justin Fields
2023,24,CHI,QB,13,13,227,370,61.4,2562,16,4.3,9,2.4,121,38.4,58,6.9,5.29,11.3,197.1,86.3,46.1,44,285,10.63,5.5,1,1,13,Justin Fields
2024,25,PIT,QB,10,6,106,161,65.8,1106,5,3.1,1,0.6,45,42.9,55,6.9,5.86,10.4,110.6,93.3,50.8,16,124,9.04,5.55,0,1,6,Justin Fields
2019,23,DEN,QB,5.0,5.0,100.0,156.0,64.1,1020.0,7.0,4.5,3.0,1.9,54.0,44.1,48.0,6.5,6.2,10.2,204.0,89.7,50.2,5.0,26.0,3.11,6.17,1.0,2.0,3,Drew Lock
2020,24,DEN,QB,13.0,13.0,254.0,443.0,57.3,2933.0,16.0,3.6,15.0,3.4,145.0,41.1,92.0,6.6,5.31,11.5,225.6,75.4,41.2,19.0,123.0,4.11,6.08,1.0,1.0,6,Drew Lock
2021,25,DEN,QB,6.0,3.0,67.0,111.0,60.4,787.0,2.0,1.8,2.0,1.8,32.0,36.7,44.0,7.1,5.71,11.7,131.2,80.4,28.1,9.0,52.0,7.5,6.13,0.0,0.0,3,Drew Lock
,,,,,,,,,,,,,,,,,,,,,,,,,,,,,,Drew Lock
2023,27,SEA,QB,4.0,2.0,48.0,76.0,63.2,543.0,3.0,3.9,3.0,3.9,20.0,40.2,51.0,7.1,5.39,11.3,135.8,81.2,44.1,6.0,26.0,7.32,6.3,1.0,1.0,2,Drew Lock
2024,28,NYG,QB,8.0,5.0,107.0,181.0,59.1,1071.0,6.0,3.3,5.0,2.8,45.0,39.9,59.0,5.9,4.55,10.0,133.9,75.5,46.4,12.0,88.0,6.22,5.09,0.0,0.0,1,Drew Lock
2011,24,CIN,QB,16,16,300,516,58.1,3398,20,3.9,13,2.5,151,39.4,84,6.6,5.65,11.3,212.4,80.4,49.5,24,160,4.44,6.0,4,4,11,Andy Dalton
2012,25,CIN,QB,16,16,329,528,62.3,3669,27,5.1,16,3.0,172,44.9,59,6.9,5.68,11.2,229.3,87.4,47.7,46,229,8.01,5.99,1,3,12,Andy Dalton
2013,26,CIN,QB,16,16,363,586,61.9,4293,33,5.6,20,3.4,206,45.7,82,7.3,6.29,11.8,268.3,88.8,54.8,29,182,4.72,6.68,1,3,14,Andy Dalton
2014,27,CIN,QB,16,16,309,481,64.2,3398,19,4.0,17,3.5,160,45.8,81,7.1,5.75,11.0,212.4,83.5,49.0,21,124,4.18,6.52,4,3,11,Andy Dalton
2015,28,CIN,QB,13,13,255,386,66.1,3250,25,6.5,7,1.8,148,51.2,80,8.4,8.17,12.7,250.0,106.2,72.5,20,118,4.93,7.71,3,3,13,Andy Dalton
2016,29,CIN,QB,16,16,364,563,64.7,4206,18,3.2,8,1.4,206,47.8,86,7.5,6.53,11.6,262.9,91.8,52.3,41,264,6.79,6.53,2,1,12,Andy Dalton
2017,30,CIN,QB,16,16,297,496,59.9,3320,25,5.0,12,2.4,163,40.9,77,6.7,5.65,11.2,207.5,86.6,44.6,39,255,7.29,5.73,3,3,11,Andy Dalton
2018,31,CIN,QB,11,11,226,365,61.9,2566,21,5.8,11,3.0,132,48.4,49,7.0,6.05,11.4,233.3,89.6,59.4,21,157,5.44,6.24,3,4,9,Andy Dalton
2019,32,CIN,QB,13,13,314,528,59.5,3494,16,3.0,14,2.7,170,42.7,66,6.6,5.19,11.1,268.8,78.3,42.1,37,249,6.55,5.74,0,0,7,Andy Dalton
2020,33,DAL,QB,11,9,216,333,64.9,2170,14,4.2,8,2.4,116,48.2,69,6.5,5.34,10.0,197.3,87.3,46.1,24,184,6.72,5.56,2,3,5,Andy Dalton
2021,34,CHI,QB,8,6,149,236,63.1,1515,8,3.4,9,3.8,83,42.9,60,6.4,4.44,10.2,189.4,76.9,39.2,18,143,7.09,5.4,1,1,3,Andy Dalton
2022,35,NOR,QB,14,14,252,378,66.7,2871,18,4.8,9,2.4,135,48.9,64,7.6,6.54,11.4,205.1,95.2,53.1,25,189,6.2,6.66,1,1,8,Andy Dalton
2023,36,CAR,QB,3,1,34,58,58.6,361,2,3.4,0,0.0,17,42.6,47,6.2,6.13,10.6,120.3,88.4,48.4,3,27,4.92,5.48,0,0,1,Andy Dalton
2024,37,CAR,QB,6,5,106,160,66.3,989,7,4.4,6,3.8,50,40.7,39,6.2,4.92,9.3,164.8,82.0,55.4,7,37,4.19,5.7,0,0,1,Andy Dalton
2020,22,BAL,QB,2,0,3,5,60.0,15,0,0.0,0,0.0,0,20.0,8,3.0,3.0,5.0,7.5,64.6,1.4,0,0,0.0,3.0,0,0,0,Tyler Huntley
2021,23,BAL,QB,7,4,122,188,64.9,1081,3,1.6,4,2.1,55,41.3,43,5.8,4.15,8.9,154.4,76.6,55.0,18,107,8.74,4.73,1,1,2,Tyler Huntley
2022,24,BAL,QB,6,4,75,112,67.0,658,2,1.8,3,2.7,31,42.9,40,5.9,4.45,8.8,109.7,77.2,43.0,7,34,5.88,5.24,1,1,3,Tyler Huntley
2023,25,BAL,QB,5,1,21,37,56.8,203,3,8.1,0,0.0,13,41.5,27,5.5,5.73,9.7,40.6,99.3,56.7,4,28,9.76,4.27,0,0,1,Tyler Huntley
2024,26,MIA,QB,5,5,86,133,64.7,829,3,2.3,3,2.3,45,40.5,25,6.2,4.47,9.6,165.8,80.1,35.2,15,92,10.14,4.98,1,1,3,Tyler Huntley
2016,24,NWE,QB,3,2,34,55,61.8,400,0,0.0,0,0.0,18,42.6,58,7.3,5.8,11.8,133.3,83.9,40.2,6,46,9.84,5.8,0,0,2,Jacoby Brissett
2017,25,IND,QB,16,15,276,469,58.8,3098,13,2.8,7,1.5,146,40.1,80,6.6,5.26,11.2,193.6,81.7,44.0,52,305,9.98,5.36,0,1,11,Jacoby Brissett
2018,26,IND,QB,4,0,2,4,50.0,2,0,0.0,0,0.0,1,25.0,4,0.5,0.5,1.0,0.5,56.2,100.0,0,0,0.0,0.5,0,0,0,Jacoby Brissett
2019,27,IND,QB,15,15,272,447,60.9,2942,18,4.0,6,1.3,143,42.8,50,6.6,6.06,10.8,196.1,88.0,52.1,27,159,5.7,5.87,2,2,10,Jacoby Brissett
2020,28,IND,QB,11,0,2,8,25.0,17,0,0.0,0,0.0,1,10.0,13,2.1,0.2,8.5,1.5,39.6,58.3,2,15,20.0,0.2,0,0,0,Jacoby Brissett
2021,29,MIA,QB,11,5,141,225,62.7,1283,5,2.2,4,1.8,69,46.3,52,5.7,4.39,9.1,116.6,78.1,54.3,19,132,7.79,4.72,0,0,2,Jacoby Brissett
2022,30,CLE,QB,16,11,236,369,64.0,2608,12,3.3,6,1.6,129,44.5,55,7.1,6.15,11.1,163.0,88.9,62.0,24,160,6.11,6.23,2,2,10,Jacoby Brissett
2023,31,WAS,QB,3,0,18,23,78.3,224,3,13.0,0,0.0,10,56.5,48,9.7,12.35,12.4,74.7,146.8,95.6,0,0,0.0,9.74,0,0,1,Jacoby Brissett
2024,32,NWE,QB,8,5,95,161,59.0,826,2,1.2,1,0.6,41,35.8,50,5.1,3.92,8.7,103.3,74.2,44.8,18,119,10.06,3.95,1,1,0,Jacoby Brissett
2024,24,ATL,QB,5,3,61,105,58.1,775,3,2.9,3,2.9,35,42.2,42,7.4,6.29,12.7,155.0,78.9,51.0,4,14,3.67,6.98,0,0,2,Michael Penix
2022,23,TEN,QB,8,3,31,61,50.8,276,0,0.0,3,4.9,11,29.6,48,4.5,1.3,8.9,34.5,42.8,13.3,10,49,14.08,3.2,0,0,1,Malik Willis
2023,24,TEN,QB,3,0,4,5,80.0,74,0,0.0,0,0.0,1,44.4,48,14.8,4.89,18.5,24.7,118.7,3.0,4,30,44.44,4.89,0,0,0,Malik Willis
2024,25,GNB,QB,7,2,40,54,74.1,550,3,5.6,0,0.0,20,37.1,51,10.2,9.24,13.8,78.6,124.8,79.6,8,37,12.9,8.27,0,1,3,Malik Willis
2022,23,ATL,QB,4,4,73,115,63.5,708,2,1.7,0,0.0,37,43.5,40,6.2,5.77,9.7,177.0,86.4,52.0,9,33,7.26,5.44,1,1,3,Desmond Ridder
2023,24,ATL,QB,15,13,249,388,64.2,2836,12,3.1,12,3.1,136,45.3,71,7.3,5.58,11.4,189.1,83.4,40.1,31,197,7.4,6.3,2,4,9,Desmond Ridder
2024,25,LVR,QB,6,1,52,85,61.2,458,2,2.4,2,2.4,24,42.1,28,5.4,3.62,8.8,76.3,73.6,28.0,10,64,10.53,4.15,0,0,1,Desmond Ridder
2023,24,CLE,QB,8,3,60,112,53.6,440,1,0.9,4,3.6,26,35.6,23,3.9,1.86,7.3,55.0,51.2,34.4,6,60,5.08,3.22,0,1,1,Dorian Thompson-Robinson
2024,25,CLE,QB,7,2,61,118,51.7,440,0,0.0,6,5.1,20,27.8,29,3.7,0.98,7.2,62.9,39.5,19.4,8,47,6.35,3.12,0,0,1,Dorian Thompson-Robinson
2015,22,TEN,QB,12,12,230,370,62.2,2818,19,5.1,10,2.7,142,44.9,61,7.6,6.1,12.3,234.8,91.5,48.4,38,258,9.31,6.27,2,2,9,Marcus Mariota
2016,23,TEN,QB,15,15,276,451,61.2,3426,26,5.8,9,2.0,157,45.1,60,7.6,7.14,12.4,228.4,95.6,59.1,23,156,4.85,6.9,2,2,13,Marcus Mariota
2017,24,TEN,QB,15,15,281,453,62.0,3232,13,2.9,15,3.3,149,45.0,75,7.1,5.51,11.5,215.5,79.3,59.0,27,173,5.63,6.37,3,4,12,Marcus Mariota
2018,25,TEN,QB,14,13,228,331,68.9,2528,11,3.3,8,2.4,121,46.4,61,7.6,5.75,11.1,180.6,92.3,53.2,42,243,11.26,6.13,2,3,9,Marcus Mariota
2019,26,TEN,QB,7,6,95,160,59.4,1203,7,4.4,2,1.3,50,34.6,75,7.5,5.9,12.7,171.9,92.3,35.5,25,162,13.51,5.63,0,0,5,Marcus Mariota
2020,27,LVR,QB,1,0,17,28,60.7,226,1,3.6,1,3.6,11,46.4,35,8.1,7.18,13.3,226.0,83.3,97.4,0,0,0.0,8.07,0,0,1,Marcus Mariota
2021,28,LVR,QB,10,0,1,2,50.0,4,0,0.0,0,0.0,0,50.0,4,2.0,2.0,4.0,0.4,56.2,46.2,0,0,0.0,2.0,0,0,0,Marcus Mariota
2022,29,ATL,QB,13,13,184,300,61.3,2219,15,5.0,9,3.0,111,45.1,75,7.4,5.85,12.1,170.7,88.2,57.7,28,195,8.54,6.17,2,3,11,Marcus Mariota
2023,30,PHI,QB,3,0,15,23,65.2,164,1,4.3,1,4.3,10,53.8,22,7.1,4.92,10.9,54.7,82.5,59.9,3,11,11.54,5.88,0,0,1,Marcus Mariota
2024,31,WAS,QB,3,0,34,44,77.3,364,4,9.1,0,0.0,22,55.3,29,8.3,8.83,10.7,121.3,131.2,87.8,3,29,6.38,7.13,1,1,2,Marcus Mariota
2018,23,PIT,QB,5.0,0.0,6.0,12.0,50.0,43.0,0.0,0.0,1.0,8.3,2.0,33.3,22.0,3.6,-0.17,7.2,8.6,24.0,51.0,0.0,0.0,0.0,3.58,0.0,0.0,0,Joshua Dobbs
,,,,,,,,,,,,,,,,,,,,,,,,,,,,,,Joshua Dobbs
2020,25,PIT,QB,1.0,0.0,4.0,5.0,80.0,2.0,0.0,0.0,0.0,0.0,0.0,,3.0,0.4,0.4,0.5,2.0,79.2,48.7,0.0,0.0,0.0,0.4,0.0,0.0,0,Joshua Dobbs
,,,,,,,,,,,,,,,,,,,,,,,,,,,,,,Joshua Dobbs
2022,27,TEN,QB,2.0,2.0,40.0,68.0,58.8,411.0,2.0,2.9,2.0,2.9,25.0,39.2,39.0,6.0,4.53,10.3,205.5,73.8,52.8,6.0,26.0,8.11,5.2,0.0,0.0,1,Joshua Dobbs
2023,28,2TM,QB,13.0,12.0,262.0,417.0,62.8,2464.0,13.0,3.1,10.0,2.4,126.0,41.6,69.0,5.9,4.6,9.4,189.5,79.5,,30.0,217.0,6.71,5.03,1.0,1.0,7,Joshua Dobbs
2023,28,ARI,QB,8.0,8.0,167.0,266.0,62.8,1569.0,8.0,3.0,5.0,1.9,82.0,42.0,69.0,5.9,4.87,9.4,196.1,81.2,,17.0,126.0,6.01,5.1,0.0,0.0,6,Joshua Dobbs
2023,28,MIN,QB,5.0,4.0,95.0,151.0,62.9,895.0,5.0,3.3,5.0,3.3,44.0,40.9,29.0,5.9,4.14,9.4,179.0,76.4,,13.0,91.0,7.93,4.9,1.0,1.0,1,Joshua Dobbs
2024,29,SFO,QB,2.0,1.0,32.0,47.0,68.1,361.0,2.0,4.3,2.0,4.3,18.0,55.1,36.0,7.7,5.78,11.3,180.5,87.3,37.4,2.0,28.0,4.08,6.8,0.0,0.0,1,Joshua Dobbs
2014,23,NWE,QB,6,0,19,27,70.4,182,1,3.7,0,0.0,8,34.4,37,6.7,5.19,9.6,30.3,101.2,19.5,5,36,15.63,4.56,0,0,1,Jimmy Garoppolo
2015,24,NWE,QB,5,0,1,4,25.0,6,0,0.0,0,0.0,0,,6,1.5,1.5,6.0,1.2,39.6,8.1,0,0,0.0,1.5,0,0,0,Jimmy Garoppolo
2016,25,NWE,QB,6,2,43,63,68.3,502,4,6.3,0,0.0,22,53.0,37,8.0,8.59,11.7,83.7,113.3,87.5,3,15,4.55,7.38,1,1,2,Jimmy Garoppolo
2017,26,SFO,QB,6,5,120,178,67.4,1560,7,3.9,5,2.8,81,54.3,61,8.8,7.62,13.0,260.0,96.2,83.0,8,57,4.3,8.08,2,2,5,Jimmy Garoppolo
2018,27,SFO,QB,3,3,53,89,59.6,718,5,5.6,3,3.4,35,45.1,56,8.1,5.75,13.5,239.3,90.0,27.5,13,97,12.75,6.09,0,0,2,Jimmy Garoppolo
2019,28,SFO,QB,16,16,329,476,69.1,3978,27,5.7,13,2.7,193,48.6,75,8.4,7.22,12.1,248.6,102.0,60.8,36,237,7.03,7.31,4,4,15,Jimmy Garoppolo
2020,29,SFO,QB,6,6,94,140,67.1,1096,7,5.0,5,3.6,55,49.0,76,7.8,6.19,11.7,182.7,92.4,54.0,11,77,7.28,6.75,0,0,3,Jimmy Garoppolo
2021,30,SFO,QB,15,15,301,441,68.3,3810,20,4.5,12,2.7,172,50.4,83,8.6,7.38,12.7,254.0,98.7,59.2,29,201,6.17,7.68,3,3,12,Jimmy Garoppolo
2022,31,SFO,QB,11,10,207,308,67.2,2437,16,5.2,4,1.3,114,53.1,57,7.9,7.6,11.8,221.5,103.0,56.3,18,100,5.52,7.17,1,1,10,Jimmy Garoppolo
2023,32,LVR,QB,7,6,110,169,65.1,1205,7,4.1,9,5.3,60,47.5,32,7.1,4.58,11.0,172.1,77.7,33.9,14,101,7.65,6.03,2,2,2,Jimmy Garoppolo
2024,33,LAR,QB,1,1,27,41,65.9,334,2,4.9,1,2.4,16,50.0,50,8.1,7.14,12.4,334.0,97.0,48.3,3,15,6.82,7.25,0,0,1,Jimmy Garoppolo
2024,24,PHI,QB,2,1,30,45,66.7,323,4,8.9,0,0.0,17,48.9,25,7.2,8.21,10.8,161.5,117.2,68.5,2,17,4.26,6.51,0,0,1,Tanner McKee
2022,24,PIT,QB,13,12,245,389,63.0,2404,7,1.8,9,2.3,123,44.0,57,6.2,4.7,9.8,184.9,76.7,53.6,27,182,6.49,5.34,3,4,7,Kenny Pickett
2023,25,PIT,QB,12,12,201,324,62.0,2070,6,1.9,4,1.2,91,40.3,72,6.4,5.29,10.3,172.5,81.4,38.1,23,173,6.63,5.47,3,3,6,Kenny Pickett
2024,26,PHI,QB,5,1,25,42,59.5,291,2,4.8,1,2.4,12,41.3,49,6.9,5.5,11.6,58.2,86.5,75.7,4,33,8.7,5.61,0,0,1,Kenny Pickett
2019,25,GNB,QB,3,0,3,4,75.0,15,0,0.0,0,0.0,1,50.0,7.0,3.8,3.75,5.0,5.0,80.2,96.7,0,0,0.0,3.75,0,0,0,Tim Boyle
2020,26,GNB,QB,8,0,0,0,,0,0,,0,,0,,,,-11.0,,0.0,,0.0,1,11,100.0,-11.0,0,0,0,Tim Boyle
2021,27,DET,QB,5,3,61,94,64.9,526,3,3.2,6,6.4,28,44.7,42.0,5.6,3.36,8.6,105.2,63.5,31.4,0,0,0.0,5.6,0,0,2,Tim Boyle
2022,28,CHI,QB,1,0,2,8,25.0,33,0,0.0,2,25.0,2,25.0,17.0,4.1,-7.13,16.5,33.0,4.7,1.2,0,0,0.0,4.13,0,0,0,Tim Boyle
2023,29,NYJ,QB,3,2,48,77,62.3,360,1,1.3,4,5.2,16,29.1,36.0,4.7,1.58,7.5,120.0,56.2,10.9,9,64,10.47,3.44,0,0,1,Tim Boyle
2024,30,2TM,QB,3,0,27,50,54.0,276,1,2.0,1,2.0,11,38.5,30.0,5.5,4.62,10.2,92.0,68.4,,2,11,3.85,5.1,0,0,1,Tim Boyle
2024,30,MIA,QB,2,0,15,26,57.7,153,0,0.0,0,0.0,7,40.7,30.0,5.9,5.33,10.2,76.5,74.7,,1,9,3.7,5.33,0,0,1,Tim Boyle
2024,30,NYG,QB,1,0,12,24,50.0,123,1,4.2,1,4.2,4,36.0,25.0,5.1,3.84,10.3,123.0,61.6,,1,2,4.0,4.84,0,0,0,Tim Boyle
2019,25,GNB,QB,3,0,3,4,75.0,15,0,0.0,0,0.0,1,50.0,7.0,3.8,3.75,5.0,5.0,80.2,96.7,0,0,0.0,3.75,0,0,0,Tim Boyle
2020,26,GNB,QB,8,0,0,0,,0,0,,0,,0,,,,-11.0,,0.0,,0.0,1,11,100.0,-11.0,0,0,0,Tim Boyle
2021,27,DET,QB,5,3,61,94,64.9,526,3,3.2,6,6.4,28,44.7,42.0,5.6,3.36,8.6,105.2,63.5,31.4,0,0,0.0,5.6,0,0,2,Tim Boyle
2022,28,CHI,QB,1,0,2,8,25.0,33,0,0.0,2,25.0,2,25.0,17.0,4.1,-7.13,16.5,33.0,4.7,1.2,0,0,0.0,4.13,0,0,0,Tim Boyle
2023,29,NYJ,QB,3,2,48,77,62.3,360,1,1.3,4,5.2,16,29.1,36.0,4.7,1.58,7.5,120.0,56.2,10.9,9,64,10.47,3.44,0,0,1,Tim Boyle
2024,30,2TM,QB,3,0,27,50,54.0,276,1,2.0,1,2.0,11,38.5,30.0,5.5,4.62,10.2,92.0,68.4,,2,11,3.85,5.1,0,0,1,Tim Boyle
2024,30,MIA,QB,2,0,15,26,57.7,153,0,0.0,0,0.0,7,40.7,30.0,5.9,5.33,10.2,76.5,74.7,,1,9,3.7,5.33,0,0,1,Tim Boyle
2024,30,NYG,QB,1,0,12,24,50.0,123,1,4.2,1,4.2,4,36.0,25.0,5.1,3.84,10.3,123.0,61.6,,1,2,4.0,4.84,0,0,0,Tim Boyle
2019,25,GNB,QB,3,0,3,4,75.0,15,0,0.0,0,0.0,1,50.0,7.0,3.8,3.75,5.0,5.0,80.2,96.7,0,0,0.0,3.75,0,0,0,Tim Boyle
2020,26,GNB,QB,8,0,0,0,,0,0,,0,,0,,,,-11.0,,0.0,,0.0,1,11,100.0,-11.0,0,0,0,Tim Boyle
2021,27,DET,QB,5,3,61,94,64.9,526,3,3.2,6,6.4,28,44.7,42.0,5.6,3.36,8.6,105.2,63.5,31.4,0,0,0.0,5.6,0,0,2,Tim Boyle
2022,28,CHI,QB,1,0,2,8,25.0,33,0,0.0,2,25.0,2,25.0,17.0,4.1,-7.13,16.5,33.0,4.7,1.2,0,0,0.0,4.13,0,0,0,Tim Boyle
2023,29,NYJ,QB,3,2,48,77,62.3,360,1,1.3,4,5.2,16,29.1,36.0,4.7,1.58,7.5,120.0,56.2,10.9,9,64,10.47,3.44,0,0,1,Tim Boyle
2024,30,2TM,QB,3,0,27,50,54.0,276,1,2.0,1,2.0,11,38.5,30.0,5.5,4.62,10.2,92.0,68.4,,2,11,3.85,5.1,0,0,1,Tim Boyle
2024,30,MIA,QB,2,0,15,26,57.7,153,0,0.0,0,0.0,7,40.7,30.0,5.9,5.33,10.2,76.5,74.7,,1,9,3.7,5.33,0,0,1,Tim Boyle
2024,30,NYG,QB,1,0,12,24,50.0,123,1,4.2,1,4.2,4,36.0,25.0,5.1,3.84,10.3,123.0,61.6,,1,2,4.0,4.84,0,0,0,Tim Boyle
2021,21,SFO,QB,6.0,2.0,41.0,71.0,57.7,603.0,5.0,7.0,2.0,2.8,27.0,38.7,76.0,8.5,7.97,14.7,100.5,97.3,39.0,4.0,15.0,5.33,7.84,0.0,0.0,3,Trey Lance
2022,22,SFO,QB,2.0,2.0,15.0,31.0,48.4,194.0,0.0,0.0,1.0,3.2,6.0,33.3,44.0,6.3,4.24,12.9,97.0,55.0,36.9,2.0,9.0,6.06,5.61,0.0,0.0,1,Trey Lance
,,,,,,,,,,,,,,,,,,,,,,,,,,,,,,Trey Lance
2024,24,DAL,QB,4.0,1.0,25.0,41.0,61.0,266.0,0.0,0.0,1.0,2.4,13.0,40.0,33.0,6.5,4.4,10.6,66.5,69.8,38.3,4.0,23.0,8.89,5.4,0.0,0.0,1,Trey Lance
2023,25,NYG,QB,9,6,114,178,64.0,1101,8,4.5,3,1.7,46,32.1,41,6.2,4.33,9.7,122.3,89.2,23.7,37,196,17.21,4.21,1,2,4,Tommy DeVito
2024,26,NYG,QB,3,2,31,44,70.5,257,0,0.0,0,0.0,15,46.0,23,5.8,4.52,8.3,85.7,85.1,27.0,6,31,12.0,4.52,0,0,1,Tommy DeVito
2024,24,NWE,QB,1,0,22,29,75.9,241,1,3.4,0,0.0,14,58.6,48,8.3,9.0,11.0,241.0,111.4,72.4,0,0,0.0,8.31,0,0,1,Joe Milton
2024,25,NOR,QB,8,1,18,39,46.2,226,1,2.6,1,2.6,10,31.1,36,5.8,3.24,12.6,28.3,62.6,14.4,6,55,13.33,3.8,0,0,1,Jake Haener
2021,23,HOU,QB,13,11,263,394,66.8,2664,16,4.1,10,2.5,118,44.0,67,6.8,5.48,10.1,204.9,88.8,41.2,31,206,7.29,5.78,0,0,7,Davis Mills
2022,24,HOU,QB,15,15,292,479,61.0,3118,17,3.5,15,3.1,135,40.0,58,6.5,4.98,10.7,207.9,78.8,35.0,31,244,6.08,5.64,2,3,7,Davis Mills
2023,25,HOU,QB,6,0,18,39,46.2,173,2,5.1,0,0.0,12,36.6,19,4.4,4.88,9.6,28.8,76.1,48.7,2,13,4.88,3.9,0,0,1,Davis Mills
2024,26,HOU,QB,4,0,20,36,55.6,212,0,0.0,0,0.0,9,36.8,25,5.9,5.11,10.6,53.0,72.9,67.9,2,18,5.26,5.11,0,0,1,Davis Mills
2019,27,DEN,QB,3.0,3.0,39.0,84.0,46.4,515.0,3.0,3.6,2.0,2.4,20.0,28.0,75.0,6.1,4.58,13.2,171.7,68.3,40.1,9.0,59.0,9.68,4.9,0.0,0.0,2,Brandon Allen
2020,28,CIN,QB,5.0,5.0,90.0,142.0,63.4,925.0,5.0,3.5,4.0,2.8,42.0,45.6,72.0,6.5,5.33,10.3,185.0,82.0,37.5,7.0,51.0,4.7,5.87,1.0,1.0,2,Brandon Allen
2021,29,CIN,QB,6.0,1.0,17.0,34.0,50.0,149.0,2.0,5.9,0.0,0.0,5.0,21.1,26.0,4.4,4.11,8.8,24.8,81.6,10.4,4.0,33.0,10.53,3.05,0.0,1.0,0,Brandon Allen
2022,30,CIN,QB,1.0,0.0,3.0,3.0,100.0,22.0,0.0,0.0,0.0,0.0,1.0,25.0,13.0,7.3,5.5,7.3,22.0,97.2,46.5,1.0,0.0,25.0,5.5,0.0,0.0,0,Brandon Allen
,,,,,,,,,,,,,,,,,,,,,,,,,,,,,,Brandon Allen
2024,32,SFO,QB,3.0,1.0,17.0,30.0,56.7,199.0,1.0,3.3,2.0,6.7,8.0,37.5,31.0,6.6,3.97,11.7,66.3,60.3,34.4,2.0,2.0,6.25,6.16,0.0,0.0,1,Brandon Allen
2022,25,MIA,QB,7.0,2.0,60.0,105.0,57.1,534.0,1.0,1.0,3.0,2.9,26.0,36.0,32.0,5.1,3.41,8.9,76.3,62.2,28.7,6.0,40.0,5.41,4.45,0.0,1.0,2,Skylar Thompson
,,,,,,,,,,,,,,,,,,,,,,,,,,,,,,Skylar Thompson
2024,27,MIA,QB,3.0,1.0,21.0,33.0,63.6,187.0,0.0,0.0,0.0,0.0,8.0,38.5,22.0,5.7,3.67,8.9,62.3,78.7,3.9,6.0,44.0,15.38,3.67,0.0,0.0,1,Skylar Thompson
2017,23,CHI,QB,12,12,196,330,59.4,2193,7,2.1,7,2.1,100,35.5,70,6.6,5.05,11.2,182.8,77.5,33.3,31,196,8.59,5.53,0,1,8,Mitchell Trubisky
2018,24,CHI,QB,14,14,289,434,66.6,3223,24,5.5,12,2.8,151,48.9,70,7.4,6.59,11.2,230.2,95.4,71.0,24,143,5.24,6.72,1,2,13,Mitchell Trubisky
2019,25,CHI,QB,15,15,326,516,63.2,3138,17,3.3,10,1.9,156,43.3,53,6.1,5.04,9.6,209.2,83.0,41.5,38,234,6.86,5.24,3,3,8,Mitchell Trubisky
2020,26,CHI,QB,10,9,199,297,67.0,2055,16,5.4,8,2.7,124,53.7,53,6.9,6.0,10.3,205.5,93.5,53.8,18,125,5.71,6.13,1,1,7,Mitchell Trubisky
2021,27,BUF,QB,6,0,6,8,75.0,43,0,0.0,1,12.5,2,50.0,15,5.4,-0.25,7.2,7.2,47.4,77.7,0,0,0.0,5.38,0,0,0,Mitchell Trubisky
2022,28,PIT,QB,7,5,117,180,65.0,1252,4,2.2,5,2.8,65,45.5,45,7.0,5.44,10.7,178.9,81.1,58.5,11,68,5.76,6.2,0,1,4,Mitchell Trubisky
2023,29,PIT,QB,5,2,67,107,62.6,632,4,3.7,5,4.7,36,50.0,26,5.9,3.9,9.4,126.4,71.9,34.6,7,42,6.14,5.18,0,0,2,Mitchell Trubisky
2024,30,BUF,QB,9,0,19,26,73.1,179,2,7.7,0,0.0,7,42.3,69,6.9,8.42,9.4,19.9,117.3,61.1,0,0,0.0,6.88,0,0,1,Mitchell Trubisky
2022,23,NWE,QB,4,2,65,92,70.7,781,5,5.4,3,3.3,37,50.0,53,8.5,7.2,12.0,195.3,100.9,36.4,6,40,6.12,7.56,0,0,2,Bailey Zappe
2023,24,NWE,QB,10,6,127,212,59.9,1272,6,2.8,9,4.2,53,34.2,48,6.0,3.36,10.0,127.2,68.7,23.3,25,191,10.55,4.56,0,1,0,Bailey Zappe
2024,25,CLE,QB,1,1,16,31,51.6,170,1,3.2,2,6.5,8,34.4,30,5.5,2.97,10.6,170.0,51.8,19.6,1,5,3.13,5.16,0,0,0,Bailey Zappe
2011,22,BAL,QB,3,0,1,1,100.0,18,0,0.0,0,0.0,0,,18.0,18.0,5.0,18.0,6.0,118.7,13.2,2,3,66.67,5.0,0,0,0,Tyrod Taylor
2012,23,BAL,QB,7,0,17,29,58.6,179,0,0.0,1,3.4,8,40.6,25.0,6.2,3.25,10.5,25.6,62.3,52.3,3,30,9.38,4.66,0,0,1,Tyrod Taylor
2013,24,BAL,QB,3,0,1,5,20.0,2,0,0.0,1,20.0,0,,2.0,0.4,-8.6,2.0,0.7,0.0,70.8,0,0,0.0,0.4,0,0,0,Tyrod Taylor
2014,25,BAL,QB,1,0,0,0,,0,0,,0,,0,,,,,,0.0,,1.7,0,0,,,0,0,0,Tyrod Taylor
2015,26,BUF,QB,14,14,242,380,63.7,3035,20,5.3,6,1.6,129,42.8,63.0,8.0,7.1,12.5,216.8,99.4,66.3,36,212,8.65,6.79,1,2,14,Tyrod Taylor
2016,27,BUF,QB,15,15,269,436,61.7,3023,17,3.9,6,1.4,148,43.1,84.0,6.9,6.07,11.2,201.5,89.7,62.4,42,192,8.79,5.92,1,1,15,Tyrod Taylor
2017,28,BUF,QB,15,14,263,420,62.6,2799,14,3.3,4,1.0,133,42.5,47.0,6.7,5.67,10.6,186.6,89.2,56.2,46,256,9.87,5.46,1,2,12,Tyrod Taylor
2018,29,CLE,QB,4,3,42,85,49.4,473,2,2.4,2,2.4,17,28.6,47.0,5.6,3.49,11.3,118.3,64.5,27.0,13,81,13.27,4.0,1,0,2,Tyrod Taylor
2019,30,LAC,QB,8,0,4,6,66.7,33,1,16.7,0,0.0,3,50.0,14.0,5.5,8.83,8.3,4.1,120.1,3.3,0,0,0.0,5.5,0,0,0,Tyrod Taylor
2020,31,LAC,QB,2,1,16,30,53.3,208,0,0.0,0,0.0,10,37.5,37.0,6.9,6.47,13.0,104.0,75.4,16.6,2,1,6.25,6.47,1,1,1,Tyrod Taylor
2021,32,HOU,QB,6,6,91,150,60.7,966,5,3.3,5,3.3,44,44.8,52.0,6.4,4.43,10.6,161.0,76.7,46.4,13,119,7.98,5.2,0,0,2,Tyrod Taylor
2022,33,NYG,QB,3,0,6,8,75.0,58,1,12.5,1,12.5,3,45.5,19.0,7.3,1.36,9.7,19.3,94.8,11.6,3,18,27.27,3.64,0,0,1,Tyrod Taylor
2023,34,NYG,QB,11,5,116,180,64.4,1341,5,2.8,3,1.7,52,43.7,80.0,7.5,6.15,11.6,121.9,89.1,47.7,17,94,8.63,6.33,0,0,5,Tyrod Taylor
2024,35,NYJ,QB,2,0,17,22,77.3,119,3,13.6,0,0.0,9,63.6,20.0,5.4,8.14,7.0,59.5,128.6,95.6,0,0,0.0,5.41,0,0,0,Tyrod Taylor
2016,24,PHI,QB,16,16,379,607,62.4,3782,16,2.6,14,2.3,192,44.2,73,6.2,5.09,10.0,236.4,79.3,46.7,33,213,5.16,5.58,1,1,10,Carson Wentz
2017,25,PHI,QB,13,13,265,440,60.2,3296,33,7.5,7,1.6,161,45.3,72,7.5,7.43,12.4,253.5,101.9,78.6,28,162,5.98,6.7,1,1,13,Carson Wentz
2018,26,PHI,QB,11,11,279,401,69.6,3074,21,5.2,7,1.7,159,50.7,58,7.7,6.89,11.0,279.5,102.2,62.0,31,202,7.18,6.65,2,2,9,Carson Wentz
2019,27,PHI,QB,16,16,388,607,63.9,4039,27,4.4,7,1.2,213,48.4,53,6.7,6.26,10.4,252.4,93.1,62.8,37,230,5.75,5.91,2,4,12,Carson Wentz
2020,28,PHI,QB,12,12,251,437,57.4,2620,16,3.7,15,3.4,130,40.0,59,6.0,3.98,10.4,218.3,72.8,41.9,50,326,10.27,4.71,3,2,5,Carson Wentz
2021,29,IND,QB,17,17,322,516,62.4,3563,27,5.2,7,1.4,165,44.0,76,6.9,6.5,11.1,209.6,94.6,60.6,32,227,5.84,6.09,0,0,14,Carson Wentz
2022,30,WAS,QB,8,7,172,276,62.3,1755,11,4.0,9,3.3,85,42.4,75,6.4,4.67,10.2,219.4,80.2,34.4,26,159,8.61,5.28,2,2,4,Carson Wentz
2023,31,LAR,QB,2,1,17,24,70.8,163,2,8.3,1,4.2,11,57.7,29,6.8,5.54,9.6,81.5,99.8,89.9,2,14,7.69,5.73,1,1,1,Carson Wentz
2024,32,KAN,QB,3,1,12,19,63.2,118,0,0.0,0,0.0,5,26.1,25,6.2,4.17,9.8,39.3,80.6,22.9,4,22,17.39,4.17,0,0,0,Carson Wentz
2024,26,DET,QB,3,0,6,9,66.7,62,0,0.0,0,0.0,3,40.0,21,6.9,5.3,10.3,20.7,86.3,42.6,1,9,10.0,5.3,0,0,0,Hendon Hooker
2018,23,SFO,QB,8,8,176,274,64.2,2277,13,4.7,10,3.6,106,47.4,85.0,8.3,6.74,12.9,284.6,90.8,51.7,17,127,5.84,7.39,0,1,6,Nick Mullens
2019,24,SFO,QB,1,0,0,0,,0,0,,0,,0,,,,,,0.0,,0.0,0,0,,,0,0,0,Nick Mullens
2020,25,SFO,QB,10,8,211,326,64.7,2437,12,3.7,12,3.7,120,47.5,49.0,7.5,5.79,11.5,243.7,84.1,36.3,19,139,5.51,6.66,1,1,6,Nick Mullens
2021,26,CLE,QB,1,1,20,30,66.7,147,1,3.3,0,0.0,9,40.0,25.0,4.9,5.57,7.4,147.0,89.2,81.5,0,0,0.0,4.9,0,0,0,Nick Mullens
2022,27,MIN,QB,4,0,21,25,84.0,224,1,4.0,1,4.0,11,76.0,37.0,9.0,7.96,10.7,56.0,100.7,58.3,0,0,0.0,8.96,0,0,1,Nick Mullens
2023,28,MIN,QB,5,3,100,148,67.6,1306,7,4.7,8,5.4,57,47.5,47.0,8.8,6.13,13.1,261.2,88.4,49.8,12,105,7.5,7.51,0,1,4,Nick Mullens
2024,29,MIN,QB,4,0,2,2,100.0,38,0,0.0,0,0.0,2,100.0,24.0,19.0,19.0,19.0,9.5,118.7,97.8,0,0,0.0,19.0,0,0,0,Nick Mullens
2024,22,SEA,WR,17,16,1,1,100.0,35,0,0.0,0,0.0,1,100.0,35,35.0,35.0,35.0,2.1,118.7,100.0,0,0,0.0,35.0,0,0,Jaxon Smith-Njigba
2024,29,LVR,P,17,0,1,1,100.0,34,0,0.0,0,0.0,1,100.0,34,34.0,34.0,34.0,2.0,118.7,0,0,0.0,34.0,0,0,AJ Cole III
2019,24,DEN,WR,16.0,14.0,1.0,1.0,100.0,38.0,0.0,0.0,0.0,0.0,1.0,100.0,38.0,38.0,38.0,38.0,2.4,118.7,100.0,0.0,0.0,0.0,38.0,0.0,0.0,Courtland Sutton
,,,,,,,,,,,,,,,,,,,,,,,,,,,,,Courtland Sutton
2021,26,DEN,WR,17.0,16.0,1.0,1.0,100.0,16.0,0.0,0.0,0.0,0.0,1.0,100.0,16.0,16.0,16.0,16.0,0.9,118.7,100.0,0.0,0.0,0.0,16.0,0.0,0.0,Courtland Sutton
,,,,,,,,,,,,,,,,,,,,,,,,,,,,,Courtland Sutton
2024,29,DEN,WR,17.0,13.0,2.0,2.0,100.0,30.0,1.0,50.0,0.0,0.0,2.0,100.0,28.0,15.0,25.0,15.0,1.8,158.3,100.0,0.0,0.0,0.0,15.0,0.0,0.0,Courtland Sutton
2017,24,HOU,QB,1.0,0.0,1.0,1.0,100.0,10.0,0.0,0.0,0.0,0.0,1.0,50.0,10.0,10.0,-3.0,10.0,10.0,108.3,1.3,1.0,16.0,50.0,-3.0,0.0,0.0,0,Taylor Heinicke
2018,25,CAR,QB,6.0,1.0,35.0,57.0,61.4,320.0,1.0,1.8,3.0,5.3,19.0,40.7,33.0,5.6,3.19,9.1,53.3,60.6,18.3,2.0,17.0,3.39,5.14,0.0,0.0,1,Taylor Heinicke
,,,,,,,,,,,,,,,,,,,,,,,,,,,,,,Taylor Heinicke
2020,27,WAS,QB,1.0,0.0,12.0,19.0,63.2,137.0,1.0,5.3,0.0,0.0,6.0,55.0,29.0,7.2,7.5,11.4,137.0,102.3,40.7,1.0,7.0,5.0,6.5,0.0,0.0,0,Taylor Heinicke
2021,28,WAS,QB,16.0,15.0,321.0,494.0,65.0,3419.0,20.0,4.0,15.0,3.0,167.0,44.9,73.0,6.9,5.39,10.7,213.7,85.9,45.8,38.0,278.0,7.14,5.9,3.0,4.0,11,Taylor Heinicke
2022,29,WAS,QB,9.0,9.0,161.0,259.0,62.2,1859.0,12.0,4.6,6.0,2.3,93.0,43.2,61.0,7.2,6.07,11.5,206.6,89.6,46.5,19.0,141.0,6.83,6.18,2.0,1.0,6,Taylor Heinicke
2023,30,ATL,QB,5.0,4.0,74.0,136.0,54.4,890.0,5.0,3.7,4.0,2.9,41.0,40.3,75.0,6.5,5.3,12.0,178.0,74.7,47.7,8.0,47.0,5.56,5.85,0.0,0.0,3,Taylor Heinicke
2024,31,LAC,QB,4.0,0.0,3.0,5.0,60.0,28.0,0.0,0.0,0.0,0.0,1.0,25.0,18.0,5.6,0.0,9.3,7.0,75.4,5.9,3.0,28.0,37.5,0.0,0.0,0.0,0,Taylor Heinicke
2021,26,NYJ,QB,4,3,88,132,66.7,953,5,3.8,8,6.1,49,53.7,28,7.2,4.96,10.8,238.3,75.1,56.5,4,18,2.94,6.88,1,1,2,Mike White
2022,27,NYJ,QB,4,4,103,175,58.9,1192,3,1.7,4,2.3,56,41.3,60,6.8,5.41,11.6,298.0,75.7,38.9,9,76,4.89,6.07,0,0,3,Mike White
2023,28,MIA,QB,6,0,5,6,83.3,74,1,16.7,1,16.7,1,16.7,68,12.3,8.17,14.8,12.3,118.1,0.1,0,0,0.0,12.33,0,0,0,Mike White
2024,29,BUF,QB,1,0,3,11,27.3,28,0,0.0,0,0.0,1,9.1,14,2.5,2.55,9.3,28.0,39.6,14.0,0,0,0.0,2.55,0,0,0,Mike White
2022,22,WAS,QB,1,1,11,19,57.9,169,1,5.3,1,5.3,6,27.3,52,8.9,6.05,15.4,169.0,83.0,48.3,3,11,13.64,7.18,0,0,1,Sam Howell
2023,23,WAS,QB,17,17,388,612,63.4,3946,21,3.4,21,3.4,180,42.7,51,6.4,4.39,10.2,232.1,78.9,42.4,65,449,9.6,5.17,2,2,11,Sam Howell
2024,24,SEA,QB,2,0,5,14,35.7,24,0,0.0,1,7.1,1,16.7,12,1.7,-2.33,4.8,12.0,14.6,3.3,4,21,22.22,0.17,0,0,0,Sam Howell
2024,22,IND,WR,17,7,1,1,100.0,24,0,0.0,0,0.0,1,100.0,24,24.0,24.0,24.0,1.4,118.7,73.0,0,0,0.0,24.0,0,0,Adonai Mitchell
2021,22,MIN,WR,17,17,2,4,50.0,35,0,0.0,0,0.0,2,50.0,24.0,8.8,8.75,17.5,2.1,80.2,48.7,0,0,0.0,8.75,0,0,Justin Jefferson
2022,23,MIN,WR,17,17,2,2,100.0,34,0,0.0,0,0.0,2,100.0,23.0,17.0,17.0,17.0,2.0,118.7,95.2,0,0,0.0,17.0,0,0,Justin Jefferson
2023,24,MIN,WR,10,9,0,1,0.0,0,0,0.0,0,0.0,0,,,0.0,0.0,,0.0,39.6,14.2,0,0,0.0,0.0,0,0,Justin Jefferson
2024,25,MIN,WR,17,17,1,1,100.0,22,0,0.0,0,0.0,1,100.0,22.0,22.0,22.0,22.0,1.3,118.7,26.2,0,0,0.0,22.0,0,0,Justin Jefferson
2018,28,NOR,QB,16,4,3,7,42.9,64,0,0.0,1,14.3,3,25.0,44,9.1,2.0,21.3,4.0,36.3,40.9,1,3,12.5,7.63,0,0,Taysom Hill
2019,29,NOR,WR/QB,16,5,3,6,50.0,55,0,0.0,0,0.0,3,42.9,20,9.2,6.57,18.3,3.4,81.9,84.9,1,9,14.29,6.57,0,0,Taysom Hill
2020,30,NOR,QB/WR,16,8,88,121,72.7,928,4,3.3,2,1.7,45,45.2,44,7.7,6.16,10.5,58.0,98.8,51.1,14,87,10.37,6.23,0,0,Taysom Hill
2021,31,NOR,QB/WR,12,9,78,134,58.2,978,4,3.0,5,3.7,43,42.0,70,7.3,5.38,12.5,81.5,75.4,48.5,9,64,6.29,6.39,0,0,Taysom Hill
2022,32,NOR,TE/QB,16,8,13,19,68.4,240,2,10.5,0,0.0,11,57.1,68,12.6,12.67,18.5,15.0,146.3,79.7,2,14,9.52,10.76,0,0,Taysom Hill
2023,33,NOR,TE/QB,16,7,6,11,54.5,83,1,9.1,0,0.0,4,46.2,44,7.5,7.62,13.8,5.2,109.3,50.0,2,4,15.38,6.08,0,1,Taysom Hill
2024,34,NOR,TE,8,8,2,4,50.0,21,0,0.0,1,25.0,1,25.0,18,5.3,-6.0,10.5,2.6,26.0,92.1,0,0,0.0,5.25,0,0,Taysom Hill
2020,25,DAL,WR,16,0,2,2,100.0,23,1,50.0,0,0.0,1,50.0,12.0,11.5,21.5,11.5,1.4,154.2,99.3,0,0,0.0,11.5,0,0,Cedrick Wilson Jr.
2021,26,DAL,WR,16,4,3,3,100.0,88,0,0.0,0,0.0,3,100.0,35.0,29.3,29.33,29.3,5.5,118.7,99.9,0,0,0.0,29.33,0,0,Cedrick Wilson Jr.
2022,27,MIA,WR,15,0,0,0,,0,0,,0,,0,,,,-6.0,,0.0,,0.2,1,6,100.0,-6.0,0,0,Cedrick Wilson Jr.
2023,28,MIA,WR,15,3,0,0,,0,0,,0,,0,,,,-7.0,,0.0,,0.1,1,7,100.0,-7.0,0,0,Cedrick Wilson Jr.
2024,29,NOR,WR,15,4,1,1,100.0,21,1,100.0,0,0.0,1,50.0,21.0,21.0,19.0,21.0,1.4,158.3,99.6,1,3,50.0,9.0,0,0,Cedrick Wilson Jr.
2018,22,CAR,QB,2,1,20,31,64.5,266,2,6.5,0,0.0,11,45.2,53.0,8.6,9.87,13.3,133.0,113.1,95.2,0,0,0.0,8.58,0,0,1,Kyle Allen
2019,23,CAR,QB,13,12,303,489,62.0,3322,17,3.5,16,3.3,188,46.7,52.0,6.8,4.76,11.0,255.5,80.0,38.3,46,397,8.6,5.47,0,1,7,Kyle Allen
2020,24,WAS,QB,4,4,60,87,69.0,610,4,4.6,1,1.1,30,46.8,52.0,7.0,6.39,10.2,152.5,99.3,68.2,7,44,7.45,6.02,0,0,2,Kyle Allen
2021,25,WAS,QB,2,0,12,19,63.2,120,1,5.3,0,0.0,6,42.9,19.0,6.3,6.43,10.0,60.0,98.6,29.3,2,5,9.52,5.48,0,0,0,Kyle Allen
2022,26,HOU,QB,2,2,46,78,59.0,416,2,2.6,4,5.1,19,33.7,39.0,5.3,2.83,9.0,208.0,60.6,3.7,5,41,6.02,4.52,0,0,1,Kyle Allen
2023,27,BUF,QB,7,0,0,0,,0,0,,0,,0,,,,,,0.0,,,0,0,,,0,0,0,Kyle Allen
2024,28,PIT,QB,1,0,1,1,100.0,19,0,0.0,0,0.0,1,100.0,19.0,19.0,19.0,19.0,19.0,118.7,99.4,0,0,0.0,19.0,0,0,0,Kyle Allen
2024,23,CAR,WR,11,4,1,1,100.0,19,0,0.0,0,0.0,1,100.0,19,19.0,19.0,19.0,1.7,118.7,99.6,0,0,0.0,19.0,0,0,Jalen Coker
2021,25,DET,P,17.0,0.0,2.0,3.0,66.7,38.0,0.0,0.0,0.0,0.0,2.0,66.7,21.0,12.7,12.67,19.0,2.2,109.7,0.0,0.0,0.0,12.67,0.0,0.0,Jack Fox
2022,26,DET,P,17.0,0.0,1.0,1.0,100.0,6.0,0.0,0.0,0.0,0.0,1.0,100.0,6.0,6.0,6.0,6.0,0.4,91.7,0.0,0.0,0.0,6.0,0.0,0.0,Jack Fox
,,,,,,,,,,,,,,,,,,,,,,,,,,,,Jack Fox
2024,28,DET,P,17.0,0.0,1.0,1.0,100.0,17.0,0.0,0.0,0.0,0.0,1.0,100.0,17.0,17.0,17.0,17.0,1.0,118.7,0.0,0.0,0.0,17.0,0.0,0.0,Jack Fox
2009,23,TAM,QB,6.0,4.0,63.0,125.0,50.4,685.0,4.0,3.2,8.0,6.4,31.0,37.5,35.0,5.5,2.54,10.9,114.2,50.9,37.6,11.0,59.0,8.09,4.6,0.0,0.0,2,Josh Johnson
2010,24,TAM,QB,11.0,0.0,14.0,16.0,87.5,111.0,0.0,0.0,0.0,0.0,5.0,33.3,22.0,6.9,5.72,7.9,10.1,95.6,60.3,2.0,8.0,11.11,5.72,0.0,0.0,1,Josh Johnson
2011,25,TAM,QB,9.0,1.0,19.0,36.0,52.8,246.0,1.0,2.8,2.0,5.6,12.0,38.5,42.0,6.8,3.9,12.9,27.3,60.6,44.2,3.0,24.0,7.69,5.69,0.0,0.0,1,Josh Johnson
2012,26,CLE,QB,1.0,0.0,0.0,0.0,,0.0,0.0,,0.0,,0.0,,,,-8.0,,0.0,,0.0,1.0,8.0,100.0,-8.0,0.0,0.0,0,Josh Johnson
2013,27,CIN,QB,2.0,0.0,0.0,0.0,,0.0,0.0,,0.0,,0.0,,,,,,0.0,,85.1,0.0,0.0,,,0.0,0.0,0,Josh Johnson
,,,,,,,,,,,,,,,,,,,,,,,,,,,,,,Josh Johnson
2018,32,WAS,QB,4.0,3.0,52.0,91.0,57.1,590.0,3.0,3.3,4.0,4.4,29.0,42.0,79.0,6.5,4.03,11.3,147.5,69.4,47.4,9.0,67.0,9.0,5.23,1.0,1.0,2,Josh Johnson
2019,,Did not play - San Diego Fleet (Alliance of American Football),,,,,,,,,,,,,,,,,,,,,,,,,,,,Josh Johnson
2020,,Did not play - Los Angeles Wildcats (XFL),,,,,,,,,,,,,,,,,,,,,,,,,,,,Josh Johnson
2021,35,2TM,QB,4.0,1.0,57.0,85.0,67.1,638.0,5.0,5.9,2.0,2.4,39.0,55.7,28.0,7.5,7.1,11.2,159.5,99.0,,3.0,23.0,3.41,6.99,0.0,0.0,2,Josh Johnson
2021,35,NYJ,QB,3.0,0.0,29.0,45.0,64.4,334.0,3.0,6.7,1.0,2.2,20.0,48.9,26.0,7.4,7.13,11.5,111.3,99.7,,2.0,14.0,4.26,6.81,0.0,0.0,1,Josh Johnson
2021,35,BAL,QB,1.0,1.0,28.0,40.0,70.0,304.0,2.0,5.0,1.0,2.5,19.0,63.4,28.0,7.6,7.07,10.9,304.0,98.3,,1.0,9.0,2.44,7.2,0.0,0.0,1,Josh Johnson
2022,36,SFO,QB,2.0,0.0,1.0,2.0,50.0,10.0,0.0,0.0,0.0,0.0,1.0,50.0,10.0,5.0,5.0,10.0,5.0,64.6,21.9,0.0,0.0,0.0,5.0,0.0,0.0,0,Josh Johnson
,,,,,,,,,,,,,,,,,,,,,,,,,,,,,,Josh Johnson
2024,38,BAL,QB,6.0,0.0,2.0,3.0,66.7,17.0,0.0,0.0,0.0,0.0,1.0,25.0,16.0,5.7,3.0,8.5,2.8,81.2,17.1,1.0,5.0,25.0,3.0,0.0,0.0,0,Josh Johnson
2019,26,MIN,WR,15.0,15.0,0.0,1.0,0.0,0.0,0.0,0.0,0.0,0.0,0.0,,,0.0,0.0,,0.0,39.6,0.2,0.0,0.0,0.0,0.0,0.0,0.0,Stefon Diggs
,,,,,,,,,,,,,,,,,,,,,,,,,,,,,Stefon Diggs
2021,28,BUF,WR,17.0,17.0,0.0,0.0,,0.0,0.0,,0.0,,0.0,,,,-2.0,,0.0,,0.4,1.0,2.0,100.0,-2.0,0.0,0.0,Stefon Diggs
,,,,,,,,,,,,,,,,,,,,,,,,,,,,,Stefon Diggs
2024,31,HOU,WR,8.0,8.0,1.0,1.0,100.0,13.0,0.0,0.0,0.0,0.0,1.0,100.0,13.0,13.0,13.0,13.0,1.6,118.7,13.6,0.0,0.0,0.0,13.0,0.0,0.0,Stefon Diggs
2023,23,CHI,QB,5,4,94,143,65.7,859,3,2.1,6,4.2,48,52.0,41,6.0,4.15,9.1,171.8,71.4,51.8,5,35,3.38,5.57,0,0,3,Tyson Bagent
2024,24,CHI,QB,4,0,2,2,100.0,11,0,0.0,0,0.0,1,50.0,6,5.5,5.5,5.5,2.8,89.6,51.0,0,0,0.0,5.5,0,0,0,Tyson Bagent
2023,24,ARI,QB,7,1,12,21,57.1,62,0,0.0,2,9.5,3,17.9,14,3.0,-2.46,5.2,8.9,22.6,1.2,7,41,25.0,0.75,0,0,0,Clayton Tune
2024,25,ARI,QB,6,0,2,2,100.0,8,0,0.0,0,0.0,0,50.0,7,4.0,4.0,4.0,1.3,83.3,0.6,0,0,0.0,4.0,0,0,0,Clayton Tune
2023,24,DET,WR,16,16,0,0,,0,0,,0,,0,,,,-8.0,,0.0,,0.0,1,8,100.0,-8.0,0,0,Amon-Ra St. Brown
2024,25,DET,WR,17,17,1,1,100.0,7,1,100.0,0,0.0,1,100.0,7.0,7.0,27.0,7.0,0.4,135.4,99.6,0,0,0.0,7.0,0,0,Amon-Ra St. Brown
2022,24,TAM,QB,1,0,3,9,33.3,23,0,0.0,0,0.0,1,22.2,9.0,2.6,2.56,7.7,23.0,42.4,1.7,0,0,0.0,2.56,0,0,0,Kyle Trask
2023,25,TAM,QB,2,0,0,1,0.0,0,0,0.0,0,0.0,0,,,0.0,0.0,,0.0,39.6,1.2,0,0,0.0,0.0,0,0,0,Kyle Trask
2024,26,TAM,QB,4,0,1,1,100.0,5,0,0.0,0,0.0,0,100.0,5.0,5.0,5.0,5.0,1.3,87.5,89.4,0,0,0.0,5.0,0,0,0,Kyle Trask
2014,26,JAX,P,16.0,0.0,1.0,1.0,100.0,19.0,0.0,0.0,0.0,0.0,1.0,100.0,19.0,19.0,19.0,19.0,1.2,118.7,0.0,0.0,0.0,19.0,0.0,0.0,Bryan Anger
,,,,,,,,,,,,,,,,,,,,,,,,,,,,Bryan Anger
2018,30,TAM,P,16.0,0.0,0.0,1.0,0.0,0.0,0.0,0.0,0.0,0.0,0.0,,,0.0,0.0,,0.0,39.6,0.0,0.0,0.0,0.0,0.0,0.0,Bryan Anger
,,,,,,,,,,,,,,,,,,,,,,,,,,,,Bryan Anger
2024,36,DAL,P,17.0,0.0,1.0,2.0,50.0,4.0,0.0,0.0,0.0,0.0,0.0,,4.0,2.0,2.0,4.0,0.2,56.2,0.0,0.0,0.0,2.0,0.0,0.0,Bryan Anger
2016,23,DEN,P,16.0,0.0,1.0,1.0,100.0,16.0,0.0,0.0,0.0,0.0,1.0,100.0,16.0,16.0,16.0,16.0,1.0,118.7,0.0,0.0,0.0,16.0,0.0,0.0,Riley Dixon
,,,,,,,,,,,,,,,,,,,,,,,,,,,,Riley Dixon
2020,27,NYG,P,16.0,0.0,0.0,1.0,0.0,0.0,0.0,0.0,0.0,0.0,0.0,,,0.0,0.0,,0.0,39.6,0.0,0.0,0.0,0.0,0.0,0.0,Riley Dixon
2021,28,NYG,P,17.0,0.0,0.0,1.0,0.0,0.0,0.0,0.0,0.0,0.0,0.0,,,0.0,0.0,,0.0,39.6,0.0,0.0,0.0,0.0,0.0,0.0,Riley Dixon
2022,29,LAR,P,17.0,0.0,2.0,2.0,100.0,18.0,0.0,0.0,0.0,0.0,2.0,100.0,12.0,9.0,9.0,9.0,1.1,104.2,0.0,0.0,0.0,9.0,0.0,0.0,Riley Dixon
,,,,,,,,,,,,,,,,,,,,,,,,,,,,Riley Dixon
2024,31,DEN,P,17.0,0.0,1.0,1.0,100.0,3.0,0.0,0.0,0.0,0.0,0.0,,3.0,3.0,3.0,3.0,0.2,79.2,0.0,0.0,0.0,3.0,0.0,0.0,Riley Dixon
2021,24,CHI,RB,13.0,13.0,0.0,1.0,0.0,0.0,0.0,0.0,1.0,100.0,0.0,,,0.0,-45.0,,0.0,0.0,25.6,0.0,0.0,0.0,0.0,0.0,0.0,David Montgomery
,,,,,,,,,,,,,,,,,,,,,,,,,,,,,David Montgomery
2024,27,DET,RB,14.0,14.0,1.0,1.0,100.0,3.0,1.0,100.0,0.0,0.0,1.0,100.0,3.0,3.0,23.0,3.0,0.2,118.7,100.0,0.0,0.0,0.0,3.0,0.0,0.0,David Montgomery
2018,23,GNB,P,16.0,0.0,0.0,1.0,0.0,0.0,0.0,0.0,0.0,0.0,0.0,,0.0,0.0,,0.0,39.6,0.0,0.0,0.0,0.0,0.0,0.0,JK Scott
,,,,,,,,,,,,,,,,,,,,,,,,,,,JK Scott
2024,29,LAC,P,17.0,0.0,1.0,1.0,100.0,3.0,0.0,0.0,0.0,0.0,0.0,3.0,3.0,3.0,3.0,0.2,79.2,0.0,0.0,0.0,3.0,0.0,0.0,JK Scott
2018,26,LAC,WR,16.0,14.0,0.0,0.0,,0.0,0.0,,0.0,,0.0,,,,-7.0,,0.0,,0.0,1.0,7.0,100.0,-7.0,0.0,0.0,Keenan Allen
,,,,,,,,,,,,,,,,,,,,,,,,,,,,,Keenan Allen
2020,28,LAC,WR,14.0,13.0,0.0,1.0,0.0,0.0,0.0,0.0,0.0,0.0,0.0,,,0.0,0.0,,0.0,39.6,1.4,0.0,0.0,0.0,0.0,0.0,0.0,Keenan Allen
2021,29,LAC,WR,16.0,16.0,0.0,1.0,0.0,0.0,0.0,0.0,0.0,0.0,0.0,,,0.0,0.0,,0.0,39.6,57.3,0.0,0.0,0.0,0.0,0.0,0.0,Keenan Allen
,,,,,,,,,,,,,,,,,,,,,,,,,,,,,Keenan Allen
2023,31,LAC,WR,13.0,13.0,1.0,2.0,50.0,49.0,1.0,50.0,0.0,0.0,1.0,50.0,49.0,24.5,34.5,49.0,3.8,135.4,98.8,0.0,0.0,0.0,24.5,0.0,0.0,Keenan Allen
2024,32,CHI,WR,15.0,15.0,0.0,1.0,0.0,0.0,0.0,0.0,1.0,100.0,0.0,,,0.0,-45.0,,0.0,0.0,0.0,0.0,0.0,0.0,0.0,0.0,0.0,Keenan Allen
2024,25,LAR,WR,17,5,0,1,0.0,0,0,0.0,0,0.0,0,0.0,0.0,0.0,39.6,1.7,0,0,0.0,0.0,0,0,Tutu Atwell
2024,27,PHI,RB,16,16,0,0,0,0,0,0,0.0,0.2,1,2,100.0,-2.0,-2.0,0,0,Saquon Barkley
2021,26,NWE,WR,17.0,5.0,1.0,1.0,100.0,25.0,1.0,100.0,0.0,0.0,1.0,100.0,25.0,25.0,45.0,25.0,1.5,158.3,100.0,0.0,0.0,0.0,25.0,0.0,0.0,Kendrick Bourne
,,,,,,,,,,,,,,,,,,,,,,,,,,,,,Kendrick Bourne
2024,29,NWE,WR,12.0,9.0,0.0,1.0,0.0,0.0,0.0,0.0,0.0,0.0,0.0,,,0.0,0.0,,0.0,39.6,4.2,0.0,0.0,0.0,0.0,0.0,0.0,Kendrick Bourne
2018,24,CIN,WR,14.0,14.0,0.0,1.0,0.0,0.0,0.0,0.0,0.0,0.0,0.0,,,0.0,0.0,,0.0,39.6,3.5,0.0,0.0,0.0,0.0,0.0,0.0,Tyler Boyd
,,,,,,,,,,,,,,,,,,,,,,,,,,,,,Tyler Boyd
2020,26,CIN,WR,15.0,8.0,1.0,2.0,50.0,16.0,0.0,0.0,0.0,0.0,1.0,50.0,16.0,8.0,8.0,16.0,1.1,77.1,48.0,0.0,0.0,0.0,8.0,0.0,0.0,Tyler Boyd
2021,27,CIN,WR,16.0,10.0,1.0,1.0,100.0,46.0,0.0,0.0,0.0,0.0,1.0,100.0,46.0,46.0,46.0,46.0,2.9,118.7,99.0,0.0,0.0,0.0,46.0,0.0,0.0,Tyler Boyd
2022,28,CIN,WR,16.0,14.0,1.0,1.0,100.0,23.0,0.0,0.0,0.0,0.0,1.0,50.0,23.0,23.0,5.5,23.0,1.4,118.7,14.3,1.0,12.0,50.0,5.5,0.0,0.0,Tyler Boyd
2023,29,CIN,WR,17.0,13.0,0.0,1.0,0.0,0.0,0.0,0.0,1.0,100.0,0.0,,,0.0,-45.0,,0.0,0.0,0.0,0.0,0.0,0.0,0.0,0.0,0.0,Tyler Boyd
2024,30,TEN,WR,16.0,8.0,0.0,1.0,0.0,0.0,0.0,0.0,0.0,0.0,0.0,,,0.0,0.0,,0.0,39.6,4.1,0.0,0.0,0.0,0.0,0.0,0.0,Tyler Boyd
2023,24,WAS,WR,17,1,1,1,100.0,4,0,0.0,0,0.0,0,4.0,4.0,4.0,4.0,0.2,83.3,2.2,0,0,0.0,4.0,0,0,Dyami Brown
2024,25,WAS,WR,16,3,0,1,0.0,0,0,0.0,0,0.0,0,,0.0,0.0,,0.0,39.6,5.4,0,0,0.0,0.0,0,0,Dyami Brown
2024,26,MIN,RB,17,0,0,0,0,0,0,0,0.0,1.3,1,1,100.0,-1.0,-1.0,0,0,Ty Chandler
2012,22,STL,P,16.0,0.0,3.0,3.0,100.0,42.0,1.0,33.3,0.0,0.0,3.0,100.0,21.0,14.0,20.67,14.0,2.6,158.3,100.0,0.0,0.0,0.0,14.0,0.0,0.0,Johnny Hekker
2013,23,STL,P,16.0,0.0,0.0,1.0,0.0,0.0,0.0,0.0,0.0,0.0,0.0,,,0.0,0.0,,0.0,39.6,,0.0,0.0,0.0,0.0,0.0,0.0,Johnny Hekker
2014,24,STL,P,16.0,0.0,2.0,2.0,100.0,37.0,0.0,0.0,0.0,0.0,2.0,100.0,19.0,18.5,18.5,18.5,2.3,118.7,,0.0,0.0,0.0,18.5,0.0,0.0,Johnny Hekker
2015,25,STL,P,16.0,0.0,1.0,4.0,25.0,20.0,0.0,0.0,0.0,0.0,1.0,25.0,20.0,5.0,5.0,20.0,1.3,47.9,,0.0,0.0,0.0,5.0,0.0,0.0,Johnny Hekker
2016,26,LAR,P,16.0,0.0,1.0,2.0,50.0,4.0,0.0,0.0,0.0,0.0,1.0,50.0,4.0,2.0,2.0,4.0,0.3,56.2,,0.0,0.0,0.0,2.0,0.0,0.0,Johnny Hekker
2017,27,LAR,P,16.0,0.0,2.0,3.0,66.7,34.0,0.0,0.0,0.0,0.0,1.0,33.3,8.0,11.3,11.33,17.0,2.1,104.9,,0.0,0.0,0.0,11.33,0.0,0.0,Johnny Hekker
2018,28,LAR,P,16.0,0.0,2.0,4.0,50.0,19.0,0.0,0.0,0.0,0.0,2.0,,12.0,4.8,4.75,9.5,1.2,63.5,,0.0,0.0,0.0,4.75,0.0,0.0,Johnny Hekker
2019,29,LAR,P,16.0,0.0,2.0,3.0,66.7,28.0,0.0,0.0,1.0,33.3,2.0,,23.0,9.3,-5.67,14.0,1.8,56.9,3.8,0.0,0.0,0.0,9.33,0.0,0.0,Johnny Hekker
,,,,,,,,,,,,,,,,,,,,,,,,,,,,,Johnny Hekker
2021,31,LAR,P,17.0,0.0,1.0,1.0,100.0,2.0,0.0,0.0,0.0,0.0,0.0,,2.0,2.0,2.0,2.0,0.1,79.2,,0.0,0.0,0.0,2.0,0.0,0.0,Johnny Hekker
,,,,,,,,,,,,,,,,,,,,,,,,,,,,,Johnny Hekker
2023,33,CAR,P,17.0,0.0,1.0,1.0,100.0,7.0,0.0,0.0,0.0,0.0,0.0,,7.0,7.0,7.0,7.0,0.4,95.8,,0.0,0.0,0.0,7.0,0.0,0.0,Johnny Hekker
2024,34,CAR,P,17.0,0.0,0.0,2.0,0.0,0.0,0.0,0.0,0.0,0.0,0.0,,,0.0,0.0,,0.0,39.6,,0.0,0.0,0.0,0.0,0.0,0.0,Johnny Hekker
2024,31,PIT,S,17,0,0,1,0.0,0,0,0.0,0,0.0,0,0.0,0.0,0.0,39.6,0,0,0.0,0.0,0,0,Miles Killebrew
2024,29,NYJ,WR,12,10,0,1,0.0,0,0,0.0,0,0.0,0,0.0,0.0,0.0,39.6,0.0,0,0,0.0,0.0,0,0,Allen Lazard
2020,24,NWE,WR,14.0,9.0,2.0,2.0,100.0,43.0,2.0,100.0,0.0,0.0,2.0,100.0,24.0,21.5,41.5,21.5,3.1,158.3,100.0,0.0,0.0,0.0,21.5,0.0,0.0,Jakobi Meyers
2021,25,NWE,WR,17.0,16.0,2.0,2.0,100.0,45.0,0.0,0.0,0.0,0.0,1.0,50.0,30.0,22.5,22.5,22.5,2.6,118.7,78.1,0.0,0.0,0.0,22.5,0.0,0.0,Jakobi Meyers
,,,,,,,,,,,,,,,,,,,,,,,,,,,,,Jakobi Meyers
2023,27,LVR,WR,16.0,16.0,2.0,3.0,66.7,12.0,1.0,33.3,0.0,0.0,1.0,66.7,9.0,4.0,10.67,6.0,0.8,113.9,39.0,0.0,0.0,0.0,4.0,0.0,0.0,Jakobi Meyers
2024,28,LVR,WR,15.0,15.0,0.0,0.0,,0.0,0.0,,0.0,,0.0,,,,-10.0,,0.0,,0.0,1.0,10.0,100.0,-10.0,0.0,0.0,Jakobi Meyers
2024,28,HOU,RB,14,14,0,1,0.0,0,0,0.0,0,0.0,0,0.0,0.0,0.0,39.6,1.0,0,0,0.0,0.0,0,0,Joe Mixon
2024,27,ATL,WR,16,16,0,1,0.0,0,0,0.0,0,0.0,0,0.0,0.0,0.0,39.6,3.6,0,0,0.0,0.0,0,0,Darnell Mooney
2020,23,CAR,WR,15.0,14.0,0.0,1.0,0.0,0.0,0.0,0.0,0.0,0.0,0.0,0.0,0.0,0.0,39.6,0.0,0.0,0.0,0.0,0.0,0.0,D.J. Moore
,,,,,,,,,,,,,,,,,,,,,,,,,D.J. Moore
2024,27,CHI,WR,17.0,17.0,0.0,1.0,0.0,0.0,0.0,0.0,0.0,0.0,0.0,0.0,0.0,0.0,39.6,0.0,0.0,0.0,0.0,0.0,0.0,D.J. Moore
2024,21,NYG,WR,15,13,0,1,0.0,0,0,0.0,0,0.0,0,0.0,0.0,0.0,39.6,2.4,0,0,0.0,0.0,0,0,Malik Nabers
2024,27,KAN,QB,1,0,0,0,0,0,0,0,0.0,0.0,1,5,100.0,-5.0,-5.0,0,0,Chris Oladokun
2024,24,SFO,WR,11,4,0,1,0.0,0,0,0.0,0,0.0,0,0.0,0.0,0.0,39.6,2.1,0,0,0.0,0.0,0,0,Ricky Pearsall
2021,25,SFO,WR,16.0,15.0,1.0,2.0,50.0,24.0,1.0,50.0,0.0,0.0,1.0,50.0,24.0,12.0,22.0,24.0,1.5,133.3,99.0,0.0,0.0,0.0,12.0,0.0,0.0,Deebo Samuel
,,,,,,,,,,,,,,,,,,,,,,,,,,,,,Deebo Samuel
2023,27,SFO,WR,15.0,15.0,0.0,1.0,0.0,0.0,0.0,0.0,0.0,0.0,0.0,,,0.0,0.0,,0.0,39.6,4.8,0.0,0.0,0.0,0.0,0.0,0.0,Deebo Samuel
2024,28,SFO,WR,15.0,15.0,0.0,0.0,,0.0,0.0,,0.0,,0.0,,,,-4.0,,0.0,,,1.0,4.0,100.0,-4.0,0.0,0.0,Deebo Samuel
2024,24,DET,T,17,17,0,0,0,0,0,0,0.0,1.9,1,1,100.0,-1.0,-1.0,0,0,Penei Sewell
2024,24,WAS,QB,17,17,331,480,69.0,3568,25,5.2,9,1.9,170,47.1,86,7.4,6.5,10.8,209.9,100.1,70.6,47,238,8.92,6.32,4,4,20,Jayden Daniels
2020,22,PHI,QB,15,4,77,148,52.0,1061,6,4.1,4,2.7,45,38.5,81,7.2,5.85,13.8,70.7,77.6,33.8,13,59,8.07,6.22,0,0,4,Jalen Hurts
2021,23,PHI,QB,15,15,265,432,61.3,3144,16,3.7,9,2.1,143,43.9,91,7.3,6.35,11.9,209.6,87.2,54.6,26,150,5.68,6.54,2,2,17,Jalen Hurts
2022,24,PHI,QB,15,15,306,460,66.5,3701,22,4.8,6,1.3,165,46.4,68,8.0,7.31,12.1,246.7,101.5,68.3,38,231,7.63,6.97,1,2,20,Jalen Hurts
2023,25,PHI,QB,17,17,352,538,65.4,3858,23,4.3,15,2.8,185,46.7,63,7.2,5.96,11.0,226.9,89.1,60.1,36,222,6.27,6.33,3,4,18,Jalen Hurts
2024,26,PHI,QB,15,15,248,361,68.7,2903,18,5.0,5,1.4,139,46.6,67,8.0,6.93,11.7,193.5,103.7,65.6,38,271,9.52,6.6,3,4,16,Jalen Hurts
2017,22,KAN,QB,1,1,22,35,62.9,284,0,0.0,1,2.9,15,51.4,51,8.1,6.05,12.9,284.0,76.4,66.8,2,15,5.41,7.27,0,1,1,Patrick Mahomes
2018,23,KAN,QB,16,16,383,580,66.0,5097,50,8.6,12,2.1,237,54.1,89,8.8,8.89,13.3,318.6,113.8,80.3,26,171,4.29,8.13,2,2,22,Patrick Mahomes
2019,24,KAN,QB,14,14,319,484,65.9,4031,26,5.4,5,1.0,176,50.9,83,8.3,8.38,12.6,287.9,105.3,77.7,17,127,3.39,7.79,1,1,17,Patrick Mahomes
2020,25,KAN,QB,15,15,390,588,66.3,4740,38,6.5,6,1.0,238,54.1,75,8.1,8.33,12.2,316.0,108.2,78.1,22,147,3.61,7.53,3,3,17,Patrick Mahomes
2021,26,KAN,QB,17,17,436,658,66.3,4839,37,5.6,13,2.0,260,53.2,75,7.4,7.07,11.1,284.6,98.5,67.7,28,146,4.08,6.84,3,3,18,Patrick Mahomes
2022,27,KAN,QB,17,17,435,648,67.1,5250,41,6.3,12,1.9,272,54.6,67,8.1,7.93,12.1,308.8,105.2,79.0,26,188,3.86,7.51,4,4,19,Patrick Mahomes
2023,28,KAN,QB,16,16,401,597,67.2,4183,27,4.5,14,2.3,206,48.2,67,7.0,6.26,10.4,261.4,92.6,63.1,27,186,4.33,6.41,1,2,15,Patrick Mahomes
2024,29,KAN,QB,16,16,392,581,67.5,3928,26,4.5,11,1.9,214,50.7,54,6.8,6.02,10.0,245.5,93.5,67.6,36,239,5.83,5.98,5,7,14,Patrick Mahomes
2018,22,BUF,QB,12,11,169,320,52.8,2074,10,3.1,12,3.8,89,37.1,75,6.5,4.37,12.3,172.8,67.9,49.8,28,213,8.05,5.35,2,3,6,Josh Allen
2019,23,BUF,QB,16,16,271,461,58.8,3089,20,4.3,9,2.0,146,41.7,53,6.7,5.71,11.4,193.1,85.3,49.4,38,237,7.62,5.72,4,5,11,Josh Allen
2020,24,BUF,QB,16,16,396,572,69.2,4544,37,6.5,10,1.7,228,56.5,55,7.9,7.82,11.5,284.0,107.2,76.6,26,159,4.35,7.33,2,3,18,Josh Allen
2021,25,BUF,QB,17,17,409,646,63.3,4407,36,5.6,15,2.3,234,49.4,61,6.8,6.38,10.8,259.2,92.2,66.3,26,164,3.87,6.31,0,0,19,Josh Allen
2022,26,BUF,QB,16,16,359,567,63.3,4283,35,6.2,14,2.5,214,52.2,98,7.6,6.99,11.9,267.7,96.6,73.4,33,162,5.5,6.87,3,4,20,Josh Allen
2023,27,BUF,QB,17,17,385,579,66.5,4306,29,5.0,18,3.1,199,50.7,81,7.4,6.51,11.2,253.3,92.2,69.6,24,152,3.98,6.89,2,4,18,Josh Allen
2024,28,BUF,QB,17,17,307,483,63.6,3731,28,5.8,6,1.2,173,49.1,64,7.7,7.96,12.2,219.5,101.4,77.3,14,63,2.82,7.38,0,2,20,Josh Allen
2009,21,DET,QB,10,10,201,377,53.3,2267,13,3.4,20,5.3,111,39.4,75,6.0,3.64,11.3,226.7,61.0,37.1,24,169,5.99,5.23,1,1,3,Matthew Stafford
2010,22,DET,QB,3,3,57,96,59.4,535,6,6.3,1,1.0,28,40.0,36,5.6,5.74,9.4,178.3,91.3,50.1,4,36,4.0,4.99,1,1,2,Matthew Stafford
2011,23,DET,QB,16,16,421,663,63.5,5038,41,6.2,16,2.4,243,49.8,73,7.6,6.98,12.0,314.9,97.2,60.5,36,257,5.15,6.84,3,4,16,Matthew Stafford
2012,24,DET,QB,16,16,435,727,59.8,4967,20,2.8,17,2.3,267,47.5,57,6.8,5.81,11.4,310.4,79.8,56.1,29,212,3.84,6.29,3,3,13,Matthew Stafford
2013,25,DET,QB,16,16,371,634,58.5,4650,29,4.6,19,3.0,223,46.9,87,7.3,6.4,12.5,290.6,84.2,53.5,23,168,3.5,6.82,2,3,13,Matthew Stafford
2014,26,DET,QB,16,16,363,602,60.3,4257,22,3.7,12,2.0,212,43.3,73,7.1,6.03,11.7,266.1,85.7,44.7,45,254,6.96,6.19,5,5,13,Matthew Stafford
2015,27,DET,QB,16,16,398,592,67.2,4262,32,5.4,13,2.2,224,49.4,57,7.2,6.39,10.7,266.4,97.0,58.3,44,251,6.92,6.31,2,3,13,Matthew Stafford
2016,28,DET,QB,16,16,388,594,65.3,4327,24,4.0,10,1.7,218,48.0,73,7.3,6.56,11.2,270.4,93.3,65.2,37,216,5.86,6.52,8,8,14,Matthew Stafford
2017,29,DET,QB,16,16,371,565,65.7,4446,29,5.1,10,1.8,210,45.6,71,7.9,7.01,12.0,277.9,99.3,65.3,47,287,7.68,6.8,1,4,15,Matthew Stafford
2018,30,DET,QB,16,16,367,555,66.1,3777,21,3.8,11,2.0,197,45.7,67,6.8,5.79,10.3,236.1,89.9,51.3,40,255,6.72,5.92,0,1,10,Matthew Stafford
2019,31,DET,QB,8,8,187,291,64.3,2499,19,6.5,5,1.7,117,48.9,66,8.6,8.15,13.4,312.4,106.0,71.3,18,137,5.83,7.64,2,1,8,Matthew Stafford
2020,32,DET,QB,16,16,339,528,64.2,4084,26,4.9,10,1.9,205,47.9,73,7.7,6.89,12.0,255.3,96.3,61.3,38,254,6.71,6.77,3,4,13,Matthew Stafford
2021,33,LAR,QB,17,17,404,601,67.2,4886,41,6.8,17,2.8,233,52.6,79,8.1,7.45,12.1,287.4,102.9,69.2,30,243,4.75,7.36,3,4,15,Matthew Stafford
2022,34,LAR,QB,9,9,206,303,68.0,2087,10,3.3,8,2.6,105,49.7,75,6.9,5.18,10.1,231.9,87.4,52.3,29,208,8.73,5.66,0,0,7,Matthew Stafford
2023,35,LAR,QB,15,15,326,521,62.6,3965,24,4.6,11,2.1,187,47.5,80,7.6,6.8,12.2,264.3,92.5,63.5,30,205,5.44,6.82,1,2,13,Matthew Stafford
2024,36,LAR,QB,16,16,340,517,65.8,3762,20,3.9,8,1.5,176,50.1,69,7.3,6.59,11.1,235.1,93.7,64.7,28,213,5.14,6.51,3,5,12,Matthew Stafford
2023,22,HOU,QB,15,15,319,499,63.9,4108,23,4.6,5,1.0,188,46.7,75,8.2,7.47,12.9,273.9,100.8,57.5,38,331,7.08,7.03,1,3,14,C.J. Stroud
2024,23,HOU,QB,17,17,336,532,63.2,3727,20,3.8,12,2.3,187,43.0,67,7.0,5.44,11.1,219.2,87.0,49.8,52,408,8.9,5.68,1,2,11,C.J. Stroud
2018,21,BAL,QB,16,7,99,170,58.2,1201,6,3.5,3,1.8,60,43.5,74,7.1,5.99,12.1,75.1,84.5,42.6,16,71,8.6,6.08,0,1,8,Lamar Jackson
2019,22,BAL,QB,15,15,265,401,66.1,3127,36,9.0,6,1.5,161,50.5,83,7.8,8.19,11.8,208.5,113.3,83.0,23,106,5.42,7.13,1,2,25,Lamar Jackson
2020,23,BAL,QB,15,15,242,376,64.4,2757,26,6.9,9,2.4,138,46.2,47,7.3,6.7,11.4,183.8,99.3,67.3,29,160,7.16,6.41,1,1,18,Lamar Jackson
2021,24,BAL,QB,12,12,246,382,64.4,2882,16,4.2,13,3.4,135,46.9,49,7.5,5.78,11.7,240.2,87.0,56.8,38,190,9.05,6.41,4,4,11,Lamar Jackson
2022,25,BAL,QB,12,12,203,326,62.3,2242,17,5.2,7,2.1,105,44.6,75,6.9,6.12,11.0,186.8,91.1,61.1,26,114,7.39,6.05,1,2,12,Lamar Jackson
2023,26,BAL,QB,16,16,307,457,67.2,3678,24,5.3,7,1.5,167,48.2,80,8.0,7.34,12.0,229.9,102.7,64.7,37,218,7.49,7.0,1,0,19,Lamar Jackson
2024,27,BAL,QB,17,17,316,474,66.7,4172,41,8.6,4,0.8,198,51.3,84,8.8,9.38,13.2,245.4,119.6,77.3,23,149,4.63,8.09,2,2,21,Lamar Jackson
2016,22,LAR,QB,7,7,112,205,54.6,1089,5,2.4,7,3.4,48,29.4,66,5.3,2.82,9.7,155.6,63.6,18.3,26,222,11.26,3.75,0,0,-2,Jared Goff
2017,23,LAR,QB,15,15,296,477,62.1,3804,28,5.9,7,1.5,177,46.6,94,8.0,7.72,12.9,253.6,100.5,56.3,25,172,4.98,7.24,1,1,15,Jared Goff
2018,24,LAR,QB,16,16,364,561,64.9,4688,32,5.7,12,2.1,233,50.7,70,8.4,7.69,12.9,293.0,101.1,63.6,33,223,5.56,7.52,4,4,18,Jared Goff
2019,25,LAR,QB,16,16,394,626,62.9,4638,22,3.5,16,2.6,220,47.7,66,7.4,6.46,11.8,289.9,86.5,50.6,22,170,3.4,6.9,1,2,12,Jared Goff
2020,26,LAR,QB,15,15,370,552,67.0,3952,20,3.6,13,2.4,194,51.8,56,7.2,6.27,10.7,263.5,90.0,50.8,23,161,4.0,6.59,0,1,10,Jared Goff
2021,27,DET,QB,14,14,332,494,67.2,3245,19,3.8,8,1.6,162,46.9,63,6.6,5.64,9.8,231.8,91.5,45.5,35,280,6.62,5.6,2,2,10,Jared Goff
2022,28,DET,QB,17,17,382,587,65.1,4438,29,4.9,7,1.2,227,50.3,81,7.6,7.45,11.6,261.1,99.3,63.3,23,156,3.77,7.02,3,3,16,Jared Goff
2023,29,DET,QB,17,17,407,605,67.3,4575,30,5.0,12,2.0,227,50.9,70,7.6,6.99,11.2,269.1,97.9,60.3,30,197,4.72,6.89,2,3,16,Jared Goff
2024,30,DET,QB,17,17,390,539,72.4,4629,37,6.9,12,2.2,236,54.7,82,8.6,8.06,11.9,272.3,111.8,68.4,31,234,5.44,7.71,4,4,18,Jared Goff
2012,24,SEA,QB,16,16,252,393,64.1,3118,26,6.6,10,2.5,153,48.1,67,7.9,7.01,12.4,194.9,100.0,72.7,33,203,7.75,6.84,3,4,16,Russell Wilson
2013,25,SEA,QB,16,16,257,407,63.1,3357,26,6.4,9,2.2,157,44.8,80,8.2,7.1,13.1,209.8,101.2,67.2,44,272,9.76,6.84,3,4,17,Russell Wilson
2014,26,SEA,QB,16,16,285,452,63.1,3475,20,4.4,7,1.5,161,42.5,80,7.7,6.72,12.2,217.2,95.0,69.7,42,242,8.5,6.54,1,4,19,Russell Wilson
2015,27,SEA,QB,16,16,329,483,68.1,4024,34,7.0,8,1.7,190,50.8,80,8.3,7.73,12.2,251.5,110.1,68.6,45,265,8.52,7.12,2,2,19,Russell Wilson
2016,28,SEA,QB,16,16,353,546,64.7,4219,21,3.8,11,2.0,193,47.2,59,7.7,6.56,12.0,263.7,92.6,57.1,41,293,6.98,6.69,4,3,14,Russell Wilson
2017,29,SEA,QB,16,16,339,553,61.3,3983,34,6.1,11,2.0,189,43.8,74,7.2,6.45,11.7,248.9,95.4,62.4,43,322,7.21,6.14,2,2,15,Russell Wilson
2018,30,SEA,QB,16,16,280,427,65.6,3448,35,8.2,7,1.6,156,44.1,66,8.1,7.28,12.3,215.5,110.9,63.3,51,355,10.67,6.47,2,4,14,Russell Wilson
2019,31,SEA,QB,16,16,341,516,66.1,4110,31,6.0,5,1.0,190,49.6,60,8.0,7.42,12.1,256.9,106.3,71.5,48,319,8.51,6.72,4,5,15,Russell Wilson
2020,32,SEA,QB,16,16,384,558,68.8,4212,40,7.2,13,2.3,213,51.4,62,7.5,6.82,11.0,263.3,105.1,67.1,47,301,7.77,6.46,3,3,17,Russell Wilson
2021,33,SEA,QB,14,14,259,400,64.8,3113,25,6.3,6,1.5,135,44.6,69,7.8,7.11,12.0,222.4,103.1,60.6,33,266,7.62,6.58,0,1,12,Russell Wilson
2022,34,DEN,QB,15,15,292,483,60.5,3524,16,3.3,11,2.3,142,36.2,67,7.3,5.54,12.1,234.9,84.4,38.7,55,368,10.22,5.87,3,3,9,Russell Wilson
2023,35,DEN,QB,15,15,297,447,66.4,3070,26,5.8,8,1.8,135,43.3,60,6.9,6.04,10.3,204.7,98.0,50.7,45,258,9.15,5.72,4,4,12,Russell Wilson
2024,36,PIT,QB,11,11,214,336,63.7,2482,16,4.8,5,1.5,112,43.6,46,7.4,6.39,11.6,225.6,95.6,51.3,33,219,8.94,6.13,1,1,9,Russell Wilson
2018,21,NYJ,QB,13,13,239,414,57.7,2865,17,4.1,15,3.6,130,43.2,76,6.9,5.24,12.0,220.4,77.6,45.9,30,204,6.76,5.99,1,1,7,Sam Darnold
2019,22,NYJ,QB,13,13,273,441,61.9,3024,19,4.3,13,2.9,147,43.7,92,6.9,5.5,11.1,232.6,84.3,45.6,33,212,6.96,5.93,2,3,6,Sam Darnold
2020,23,NYJ,QB,12,12,217,364,59.6,2208,9,2.5,11,3.0,109,38.3,69,6.1,4.16,10.2,184.0,72.7,32.9,35,234,8.77,4.95,0,0,4,Sam Darnold
2021,24,CAR,QB,12,11,243,406,59.9,2527,9,2.2,13,3.2,123,41.0,63,6.2,4.35,10.4,210.6,71.9,38.8,35,204,7.94,5.27,0,0,6,Sam Darnold
2022,25,CAR,QB,6,6,82,140,58.6,1143,7,5.0,3,2.1,57,44.0,52,8.2,7.13,13.9,190.5,92.6,51.4,10,78,6.67,7.1,0,1,4,Sam Darnold
2023,26,SFO,QB,10,1,28,46,60.9,297,2,4.3,1,2.2,15,46.2,48,6.5,4.85,10.6,29.7,85.1,49.3,6,40,11.54,4.94,0,0,1,Sam Darnold
2024,27,MIN,QB,17,17,361,545,66.2,4319,35,6.4,12,2.2,207,47.7,97,7.9,6.99,12.0,254.1,102.5,60.4,48,335,8.09,6.72,3,5,14,Sam Darnold
2020,22,LAC,QB,15,15,396,595,66.6,4336,31,5.2,10,1.7,216,47.8,72,7.3,6.84,10.9,289.1,98.3,62.6,32,218,5.1,6.57,1,3,13,Justin Herbert
2021,23,LAC,QB,17,17,443,672,65.9,5014,38,5.7,15,2.2,256,51.1,72,7.5,6.95,11.3,294.9,97.7,70.9,31,214,4.41,6.83,5,5,18,Justin Herbert
2022,24,LAC,QB,17,17,477,699,68.2,4739,25,3.6,10,1.4,228,46.3,55,6.8,6.22,9.9,278.8,93.2,60.2,38,206,5.16,6.15,4,5,14,Justin Herbert
2023,25,LAC,QB,13,13,297,456,65.1,3134,20,4.4,7,1.5,150,46.2,60,6.9,6.16,10.6,241.1,93.2,64.1,29,233,5.98,5.98,1,1,11,Justin Herbert
2024,26,LAC,QB,17,17,332,504,65.9,3870,23,4.6,3,0.6,175,44.4,66,7.7,7.25,11.7,227.6,101.7,64.8,41,244,7.52,6.65,1,2,14,Justin Herbert
2021,23,GNB,QB,6,1,36,62,58.1,411,2,3.2,3,4.8,22,38.5,62,6.6,4.51,11.4,68.5,68.7,36.8,3,23,4.62,5.97,0,0,2,Jordan Love
2022,24,GNB,QB,4,0,14,21,66.7,195,1,4.8,0,0.0,9,57.1,63,9.3,10.24,13.9,48.8,112.2,83.2,0,0,0.0,9.29,0,0,1,Jordan Love
2023,25,GNB,QB,17,17,372,579,64.2,4159,32,5.5,11,1.9,209,47.6,77,7.2,6.67,11.2,244.6,96.1,62.1,30,242,4.93,6.43,2,3,15,Jordan Love
2024,26,GNB,QB,15,15,268,425,63.1,3389,25,5.9,11,2.6,151,48.3,70,8.0,7.51,12.6,225.9,96.7,69.3,14,95,3.19,7.5,2,2,12,Jordan Love
2018,23,CLE,QB,14,13,310,486,63.8,3725,27,5.6,14,2.9,171,46.0,71,7.7,6.77,12.0,266.1,93.7,51.2,25,173,4.89,6.95,3,4,10,Baker Mayfield
2019,24,CLE,QB,16,16,317,534,59.4,3827,22,4.1,21,3.9,179,42.5,89,7.2,5.29,12.1,239.2,78.8,54.4,40,285,6.97,6.17,1,1,11,Baker Mayfield
2020,25,CLE,QB,16,16,305,486,62.8,3563,26,5.3,8,1.6,188,49.4,75,7.3,6.96,11.7,222.7,95.9,65.5,26,162,5.08,6.64,2,2,14,Baker Mayfield
2021,26,CLE,QB,14,14,253,418,60.5,3010,17,4.1,13,3.1,143,44.3,71,7.2,5.41,11.9,215.0,83.1,40.9,43,269,9.33,5.95,0,0,10,Baker Mayfield
2022,27,2TM,QB,12,10,201,335,60.0,2163,10,3.0,8,2.4,94,38.0,75,6.5,4.81,10.8,180.3,79.0,,36,217,9.7,5.25,1,1,6,Baker Mayfield
2022,27,CAR,QB,7,6,119,206,57.8,1313,6,2.9,6,2.9,49,36.0,75,6.4,4.61,11.0,187.6,74.4,,19,126,8.44,5.28,0,0,3,Baker Mayfield
2022,27,LAR,QB,5,4,82,129,63.6,850,4,3.1,2,1.6,45,41.1,39,6.6,5.13,10.4,170.0,86.4,,17,91,11.64,5.2,1,1,3,Baker Mayfield
2023,28,TAM,QB,17,17,364,566,64.3,4044,28,4.9,10,1.8,188,44.7,75,7.1,6.47,11.1,237.9,94.6,54.3,40,232,6.6,6.29,1,2,13,Baker Mayfield
2024,29,TAM,QB,17,17,407,570,71.4,4500,41,7.2,16,2.8,224,53.9,57,7.9,7.13,11.1,264.7,106.8,61.6,40,248,6.56,6.97,2,2,17,Baker Mayfield
2024,24,DEN,QB,17,17,376,567,66.3,3775,29,5.1,12,2.1,170,43.7,93,6.7,6.12,10.0,222.1,93.3,56.8,24,198,4.06,6.05,3,3,13,Bo Nix
2016,26,WAS,P,16.0,0.0,1.0,1.0,100.0,31.0,0.0,0.0,0.0,0.0,1.0,100.0,31.0,31.0,31.0,31.0,1.9,118.7,0.0,0.0,0.0,31.0,0.0,0.0,Tress Way
,,,,,,,,,,,,,,,,,,,,,,,,,,,,Tress Way
2018,28,WAS,P,16.0,0.0,1.0,1.0,100.0,7.0,0.0,0.0,0.0,0.0,1.0,,7.0,7.0,7.0,7.0,0.4,95.8,0.0,0.0,0.0,7.0,0.0,0.0,Tress Way
2021,24,CHI,RB,13.0,13.0,0.0,1.0,0.0,0.0,0.0,0.0,1.0,100.0,0.0,,,0.0,-45.0,,0.0,0.0,25.6,0.0,0.0,0.0,0.0,0.0,0.0,David Montgomery
,,,,,,,,,,,,,,,,,,,,,,,,,,,,,David Montgomery
2024,27,DET,RB,14.0,14.0,1.0,1.0,100.0,3.0,1.0,100.0,0.0,0.0,1.0,100.0,3.0,3.0,23.0,3.0,0.2,118.7,100.0,0.0,0.0,0.0,3.0,0.0,0.0,David Montgomery
2016,23,DEN,P,16.0,0.0,1.0,1.0,100.0,16.0,0.0,0.0,0.0,0.0,1.0,100.0,16.0,16.0,16.0,16.0,1.0,118.7,0.0,0.0,0.0,16.0,0.0,0.0,Riley Dixon
,,,,,,,,,,,,,,,,,,,,,,,,,,,,Riley Dixon
2020,27,NYG,P,16.0,0.0,0.0,1.0,0.0,0.0,0.0,0.0,0.0,0.0,0.0,,,0.0,0.0,,0.0,39.6,0.0,0.0,0.0,0.0,0.0,0.0,Riley Dixon
2021,28,NYG,P,17.0,0.0,0.0,1.0,0.0,0.0,0.0,0.0,0.0,0.0,0.0,,,0.0,0.0,,0.0,39.6,0.0,0.0,0.0,0.0,0.0,0.0,Riley Dixon
2022,29,LAR,P,17.0,0.0,2.0,2.0,100.0,18.0,0.0,0.0,0.0,0.0,2.0,100.0,12.0,9.0,9.0,9.0,1.1,104.2,0.0,0.0,0.0,9.0,0.0,0.0,Riley Dixon
,,,,,,,,,,,,,,,,,,,,,,,,,,,,Riley Dixon
2024,31,DEN,P,17.0,0.0,1.0,1.0,100.0,3.0,0.0,0.0,0.0,0.0,0.0,,3.0,3.0,3.0,3.0,0.2,79.2,0.0,0.0,0.0,3.0,0.0,0.0,Riley Dixon
2014,22,MIN,QB,13.0,12.0,259.0,402.0,64.4,2919.0,14.0,3.5,12.0,3.0,137.0,44.7,87.0,7.3,5.46,11.3,224.5,85.2,51.6,39.0,249.0,8.84,6.05,3.0,3.0,9,Teddy Bridgewater
2015,23,MIN,QB,16.0,16.0,292.0,447.0,65.3,3231.0,14.0,3.1,9.0,2.0,153.0,40.9,52.0,7.2,5.7,11.1,201.9,88.7,57.7,44.0,307.0,8.96,5.96,1.0,1.0,14,Teddy Bridgewater
,,,,,,,,,,,,,,,,,,,,,,,,,,,,,,Teddy Bridgewater
2017,25,MIN,QB,1.0,0.0,0.0,2.0,0.0,0.0,0.0,0.0,1.0,50.0,0.0,,,0.0,-22.5,,0.0,0.0,0.0,0.0,0.0,0.0,0.0,0.0,0.0,0,Teddy Bridgewater
2018,26,NOR,QB,5.0,1.0,14.0,23.0,60.9,118.0,1.0,4.3,1.0,4.3,8.0,36.0,18.0,5.1,3.4,8.4,23.6,70.6,31.3,2.0,8.0,8.0,4.4,0.0,0.0,0,Teddy Bridgewater
2019,27,NOR,QB,9.0,5.0,133.0,196.0,67.9,1384.0,9.0,4.6,2.0,1.0,67.0,47.1,45.0,7.1,6.66,10.4,153.8,99.1,50.9,12.0,89.0,5.77,6.23,1.0,2.0,5,Teddy Bridgewater
2020,28,CAR,QB,15.0,15.0,340.0,492.0,69.1,3733.0,15.0,3.0,11.0,2.2,174.0,46.1,75.0,7.6,6.37,11.0,248.9,92.1,56.8,31.0,205.0,5.93,6.75,0.0,0.0,13,Teddy Bridgewater
2021,29,DEN,QB,14.0,14.0,285.0,426.0,66.9,3052.0,18.0,4.2,7.0,1.6,146.0,46.0,64.0,7.2,6.32,10.7,218.0,94.9,53.4,31.0,211.0,6.78,6.22,0.0,1.0,10,Teddy Bridgewater
2022,30,MIA,QB,5.0,2.0,49.0,79.0,62.0,683.0,4.0,5.1,4.0,5.1,32.0,45.3,64.0,8.6,6.26,13.9,136.6,85.6,49.5,7.0,45.0,8.14,7.42,0.0,0.0,2,Teddy Bridgewater
2023,31,DET,QB,1.0,0.0,0.0,0.0,,0.0,0.0,,0.0,,0.0,,,,,,0.0,,,0.0,0.0,,,0.0,0.0,0,Teddy Bridgewater
2024,32,DET,QB,0.0,0.0,0.0,0.0,,0.0,0.0,,,,0.0,,,,,,,,,,,,,0.0,0.0,0,Teddy Bridgewater
2021,22,CHI,QB,12,10,159,270,58.9,1870,7,2.6,10,3.7,83,38.2,64,6.9,4.24,11.8,155.8,73.2,31.4,36,264,11.76,5.25,0,0,6,Justin Fields
2022,23,CHI,QB,15,15,192,318,60.4,2242,17,5.3,11,3.5,91,36.7,56,7.1,4.63,11.7,149.5,85.2,56.3,55,359,14.75,5.05,1,2,16,Justin Fields
2023,24,CHI,QB,13,13,227,370,61.4,2562,16,4.3,9,2.4,121,38.4,58,6.9,5.29,11.3,197.1,86.3,46.1,44,285,10.63,5.5,1,1,13,Justin Fields
2024,25,PIT,QB,10,6,106,161,65.8,1106,5,3.1,1,0.6,45,42.9,55,6.9,5.86,10.4,110.6,93.3,50.8,16,124,9.04,5.55,0,1,6,Justin Fields
2022,24,PIT,QB,13,12,245,389,63.0,2404,7,1.8,9,2.3,123,44.0,57,6.2,4.7,9.8,184.9,76.7,53.6,27,182,6.49,5.34,3,4,7,Kenny Pickett
2023,25,PIT,QB,12,12,201,324,62.0,2070,6,1.9,4,1.2,91,40.3,72,6.4,5.29,10.3,172.5,81.4,38.1,23,173,6.63,5.47,3,3,6,Kenny Pickett
2024,26,PHI,QB,5,1,25,42,59.5,291,2,4.8,1,2.4,12,41.3,49,6.9,5.5,11.6,58.2,86.5,75.7,4,33,8.7,5.61,0,0,1,Kenny Pickett
2020,24,CIN,QB,10,10,264,404,65.3,2688,13,3.2,5,1.2,150,47.2,67,6.7,5.72,10.2,268.8,89.8,48.5,32,231,7.34,5.64,0,0,7,Joe Burrow
2021,25,CIN,QB,16,16,366,520,70.4,4611,34,6.5,14,2.7,202,47.6,82,8.9,7.51,12.6,288.2,108.3,60.2,51,370,8.93,7.43,2,3,15,Joe Burrow
2022,26,CIN,QB,16,16,414,606,68.3,4475,35,5.8,12,2.0,222,50.1,60,7.4,6.76,10.8,279.7,100.8,60.8,41,259,6.34,6.52,3,4,17,Joe Burrow
2023,27,CIN,QB,10,10,244,365,66.8,2309,15,4.1,6,1.6,115,46.0,64,6.3,5.55,9.5,230.9,91.0,51.6,24,180,6.17,5.47,0,0,8,Joe Burrow
2024,28,CIN,QB,17,17,460,652,70.6,4918,43,6.6,9,1.4,253,53.6,70,7.5,7.28,10.7,289.3,108.5,74.7,48,278,6.86,6.63,1,2,16,Joe Burrow
