Player,Age,Team,Pos,G,GS,Att,Yds,TD,Rec,Tgt,Y/R,Touch,YScm,RRTD,Fmb,FP
Saquon Barkley,27,PHI,RB,12.333333333333334,12.333333333333334,214.16666666666666,276.1666666666667,1.6666666666666667,38.333333333333336,7.649999999999999,53.0,252.5,1261.0,7.833333333333333,1.3333333333333333,208.76666666666668
Derrick Henry,30,BAL,RB,15.125,12.875,280.625,189.25,0.625,20.125,9.3625,26.125,300.75,1555.875,13.25,2.5,250.2125
Jahmyr Gibbs,22,DET,RB,17.0,4.0,250.0,517.0,4.0,52.0,9.9,63.0,302.0,1929.0,20.0,1.0,362.9
Bijan Robinson,22,ATL,RB,17.0,17.0,304.0,431.0,1.0,61.0,7.1,72.0,365.0,1887.0,15.0,1.0,337.70000000000005
Ja'Marr Chase,24,CIN,WR,15.0,14.666666666666666,3.6666666666666665,11.333333333333334,0.0,104.66666666666667,12.533333333333333,151.33333333333334,108.33333333333333,1334.6666666666667,11.0,1.0,302.1333333333333
Josh Jacobs,26,GNB,RB,15.4,15.2,272.8,324.8,0.2,42.6,7.720000000000001,54.0,315.4,1469.6,11.0,2.8,249.96
Jonathan Taylor,25,IND,RB,13.0,12.0,249.0,198.0,1.0,26.25,7.449999999999999,36.25,275.25,1409.0,11.0,3.0,227.15
Aaron Jones,30,MIN,RB,14.571428571428571,14.0,193.0,351.7142857142857,2.857142857142857,44.857142857142854,7.885714285714286,58.285714285714285,237.85714285714286,1298.857142857143,9.428571428571429,2.857142857142857,225.60000000000002
Justin Jefferson,25,MIN,WR,15.25,15.0,3.0,7.25,0.25,101.75,14.950000000000001,151.25,104.75,1515.25,8.5,0.75,302.775
James Conner,29,ARI,RB,13.285714285714286,11.571428571428571,189.85714285714286,316.7142857142857,1.5714285714285714,40.142857142857146,7.714285714285714,48.142857142857146,230.0,1149.0,10.0,2.2857142857142856,210.47142857142856
De'Von Achane,23,MIA,RB,17.0,16.0,203.0,592.0,6.0,78.0,7.6,87.0,281.0,1499.0,12.0,1.0,297.9
Alvin Kamara,29,NOR,RB,14.142857142857142,11.571428571428571,203.28571428571428,562.2857142857143,2.857142857142857,70.28571428571429,8.085714285714285,89.71428571428571,273.57142857142856,1426.7142857142858,10.285714285714286,1.5714285714285714,271.5285714285714
Kyren Williams,24,LAR,RB,14.0,13.5,272.0,194.0,2.5,33.0,5.9,44.0,305.0,1415.5,15.5,4.0,259.55
Chuba Hubbard,25,CAR,RB,15.666666666666666,9.666666666666666,194.33333333333334,191.66666666666666,0.3333333333333333,32.0,7.3999999999999995,38.333333333333336,226.33333333333334,1046.0,6.0,2.3333333333333335,167.93333333333337
Breece Hall,23,NYJ,RB,16.5,16.0,216.0,537.0,3.5,66.5,8.15,85.5,282.5,1472.0,8.5,4.0,256.70000000000005
Chase Brown,24,CIN,RB,16.0,10.0,229.0,360.0,4.0,54.0,6.7,65.0,283.0,1350.0,11.0,2.0,251.0
D'Andre Swift,25,CHI,RB,15.0,11.0,183.0,360.25,1.5,47.75,7.5249999999999995,62.25,230.75,1152.0,6.75,2.0,199.45
Rico Dowdle,26,DAL,RB,12.333333333333334,5.0,108.0,131.0,1.6666666666666667,18.666666666666668,7.45,23.666666666666668,126.66666666666667,611.0,3.0,1.0,95.76666666666667
Najee Harris,26,PIT,RB,17.0,17.0,263.3333333333333,227.33333333333334,1.0,35.333333333333336,6.466666666666666,46.333333333333336,298.6666666666667,1264.6666666666667,8.0,1.6666666666666667,206.46666666666667
Joe Mixon,28,HOU,RB,13.857142857142858,13.571428571428571,234.0,308.7142857142857,2.0,41.285714285714285,7.485714285714287,52.142857142857146,275.2857142857143,1280.4285714285713,10.0,0.42857142857142855,228.47142857142856
Tony Pollard,27,TEN,RB,16.0,7.8,187.2,290.0,0.8,40.4,7.3,53.0,227.6,1139.0,6.0,1.4,187.5
Amon-Ra St. Brown,25,DET,WR,16.333333333333332,16.333333333333332,5.0,41.666666666666664,0.0,113.33333333333333,11.566666666666668,150.33333333333334,118.33333333333333,1354.6666666666667,9.333333333333334,0.6666666666666666,303.4666666666667
Drake London,23,ATL,WR,16.5,16.5,0.5,-1.5,0.0,84.5,12.899999999999999,134.0,85.0,1086.5,5.5,0.0,226.15
James Cook,25,BUF,RB,16.5,14.5,222.0,351.5,3.0,38.0,9.1,46.0,260.0,1417.0,12.0,2.5,246.70000000000002
CeeDee Lamb,25,DAL,WR,16.25,15.5,11.75,76.5,0.5,105.5,12.850000000000001,152.25,117.25,1427.5,8.75,1.0,298.75
Jerry Jeudy,25,CLE,WR,14.5,11.5,1.5,10.75,0.0,62.25,13.625,97.0,63.75,867.25,3.0,0.5,165.97500000000002
Jaxon Smith-Njigba,22,SEA,WR,17.0,16.0,5.0,26.0,0.0,100.0,11.3,137.0,105.0,1156.0,6.0,1.0,249.60000000000002
Trey McBride,25,ARI,TE,16.5,14.0,0.5,1.0,0.5,96.0,10.25,126.5,96.5,986.5,3.0,0.5,211.65
David Montgomery,27,DET,RB,14.4,14.2,215.4,302.6,0.6,36.4,8.280000000000001,44.2,251.8,1204.6,9.6,1.6,211.26
Zay Flowers,24,BAL,WR,17.0,15.0,9.0,56.0,0.0,74.0,14.3,116.0,83.0,1115.0,4.0,0.0,209.5
Garrett Wilson,24,NYJ,WR,17.0,17.0,3.0,2.5,0.0,98.0,10.95,161.0,101.0,1075.5,5.0,2.0,231.55
George Kittle,31,SFO,TE,14.0,14.0,1.7142857142857142,10.142857142857142,0.0,70.71428571428571,13.814285714285715,95.71428571428571,72.42857142857143,990.8571428571429,6.142857142857143,0.5714285714285714,205.51428571428573
Terry McLaurin,29,WAS,WR,16.6,16.6,2.4,14.6,0.0,80.4,13.64,126.6,82.8,1106.6,6.2,0.6,227.06
Courtland Sutton,29,DEN,WR,13.666666666666666,12.166666666666666,0.6666666666666666,3.6666666666666665,0.0,56.166666666666664,15.033333333333331,93.66666666666667,56.833333333333336,776.3333333333334,4.666666666666667,1.0,159.8
A.J. Brown,27,PHI,WR,14.8,14.2,0.4,2.0,0.0,78.8,15.2,122.2,79.2,1197.0,8.2,1.2,245.29999999999998
Calvin Ridley,30,TEN,WR,13.4,12.2,4.8,22.6,0.2,64.8,13.48,108.8,69.6,933.4,6.2,0.6,194.14
Davante Adams,32,NYJ,WR,13.5,13.333333333333334,0.25,-0.08333333333333333,0.0,83.66666666666667,12.258333333333331,131.91666666666666,83.91666666666667,1038.3333333333333,9.0,0.5,240.5
Davante Adams,32,NYJ,WR,13.5,13.333333333333334,0.25,-0.08333333333333333,0.0,83.66666666666667,12.258333333333331,131.91666666666666,83.91666666666667,1038.3333333333333,9.0,0.5,240.5
Davante Adams,32,NYJ,WR,13.5,13.333333333333334,0.25,-0.08333333333333333,0.0,83.66666666666667,12.258333333333331,131.91666666666666,83.91666666666667,1038.3333333333333,9.0,0.5,240.5
Jameson Williams,23,DET,WR,13.5,10.5,7.0,45.0,1.0,41.0,16.05,66.5,48.0,722.5,5.5,0.5,145.25
J.K. Dobbins,26,LAC,RB,7.333333333333333,6.666666666666667,98.33333333333333,70.0,0.3333333333333333,13.666666666666666,6.1000000000000005,16.333333333333332,112.0,552.3333333333334,4.333333333333333,0.0,94.9
Jakobi Meyers,28,LVR,WR,15.2,13.8,2.2,10.8,0.4,73.4,11.6,107.6,75.6,857.4,4.4,0.8,183.94000000000003
D.J. Moore,27,CHI,WR,16.333333333333332,16.166666666666668,7.333333333333333,43.166666666666664,0.16666666666666666,83.83333333333333,13.700000000000001,135.0,91.16666666666667,1167.0,5.666666666666667,0.8333333333333334,232.86666666666667
Puka Nacua,23,LAR,WR,11.0,11.0,11.0,46.0,1.0,79.0,12.5,106.0,90.0,1036.0,4.0,0.0,206.60000000000002
Jayden Reed,24,GNB,WR,17.0,10.0,20.0,163.0,1.0,55.0,15.6,75.0,75.0,1020.0,7.0,3.0,193.0
Tyreek Hill,30,MIA,WR,15.625,15.25,11.25,69.0,0.5,92.125,14.35,136.125,103.375,1382.125,10.0,0.875,288.5875
Nico Collins,25,HOU,WR,12.333333333333334,9.666666666666666,0.3333333333333333,2.3333333333333335,0.0,61.666666666666664,14.666666666666666,91.33333333333333,62.0,930.3333333333334,5.666666666666667,0.3333333333333333,188.03333333333336
Rachaad White,25,TAM,RB,16.5,16.0,208.0,471.0,4.5,57.5,8.15,63.5,265.5,1272.5,9.0,3.0,232.75
Mike Evans,31,TAM,WR,15.3,15.2,0.1,1.0,0.0,76.8,15.169999999999998,130.9,76.9,1164.3,9.3,0.4,248.23000000000002
D.K. Metcalf,27,SEA,WR,16.2,15.6,0.2,1.2,0.0,76.0,14.419999999999998,125.2,76.2,1086.0,8.2,1.2,231.4
Darnell Mooney,27,ATL,WR,15.0,14.0,2.25,9.75,0.25,54.0,13.55,92.0,56.25,748.25,3.25,0.0,148.325
Jauan Jennings,27,SFO,WR,14.666666666666666,5.333333333333333,0.0,0.0,0.0,43.666666666666664,12.833333333333334,67.33333333333333,43.666666666666664,552.0,2.6666666666666665,0.6666666666666666,113.53333333333335
Rhamondre Stevenson,26,NWE,RB,14.666666666666666,11.0,191.0,275.6666666666667,0.6666666666666666,46.666666666666664,5.833333333333333,60.0,237.66666666666666,1095.6666666666667,6.0,4.0,184.23333333333335
Brian Robinson Jr.,25,WAS,RB,14.5,14.0,182.5,263.5,2.0,28.0,9.1,34.0,210.5,1029.5,8.5,3.0,175.95
Lamar Jackson,27,BAL,QB,14.5,14.5,144.5,0.0,0.0,0.0,,0.0,144.5,913.0,4.666666666666667,8.5,102.30000000000001
Tee Higgins,25,CIN,WR,13.5,12.0,0.0,0.0,0.0,65.75,14.175,101.0,65.75,921.75,7.0,0.5,198.925
Zach Charbonnet,23,SEA,RB,17.0,6.0,135.0,340.0,1.0,42.0,8.1,52.0,177.0,909.0,9.0,0.0,186.9
Kareem Hunt,29,KAN,RB,12.571428571428571,4.285714285714286,136.85714285714286,230.14285714285714,2.0,28.0,8.200000000000001,36.285714285714285,164.85714285714286,778.2857142857143,7.571428571428571,0.5714285714285714,150.11428571428573
Jordan Addison,22,MIN,WR,15.0,15.0,3.0,20.0,1.0,63.0,13.9,99.0,66.0,895.0,10.0,0.0,212.5
George Pickens,23,PIT,WR,15.5,14.0,2.5,6.0,0.0,61.0,16.700000000000003,104.5,63.5,1026.0,4.0,2.0,183.60000000000002
Jonnu Smith,29,MIA,TE,15.428571428571429,10.142857142857142,2.7142857142857144,18.0,0.14285714285714285,41.285714285714285,11.071428571428571,57.57142857142857,44.0,468.0,3.857142857142857,0.8571428571428571,109.51428571428572
Jordan Mason,25,SFO,RB,14.5,3.0,96.5,61.0,0.0,7.0,9.3,9.0,103.5,558.5,3.0,1.5,77.85
Kenneth Walker III,24,SEA,RB,13.0,13.0,186.0,279.0,1.0,37.5,7.7,45.0,223.5,1018.0,8.5,1.0,188.3
Javonte Williams,24,DEN,RB,12.333333333333334,9.333333333333334,134.33333333333334,216.66666666666666,0.6666666666666666,38.333333333333336,5.466666666666666,50.0,172.66666666666666,713.6666666666666,3.0,1.3333333333333333,125.03333333333332
DeVonta Smith,26,PHI,WR,15.333333333333334,15.333333333333334,0.3333333333333333,0.3333333333333333,0.0,81.33333333333333,12.699999999999998,112.33333333333333,81.66666666666667,1032.0,7.333333333333333,0.6666666666666666,227.2
Khalil Shakir,24,BUF,WR,16.0,9.5,1.5,7.0,0.0,57.5,13.25,72.5,59.0,723.0,3.0,1.0,145.8
Travis Kelce,35,KAN,TE,15.818181818181818,15.272727272727273,0.8181818181818182,1.3636363636363635,0.18181818181818182,91.27272727272727,12.136363636363637,127.27272727272727,92.0909090909091,1106.0,7.181818181818182,1.3636363636363635,242.23636363636365
Alec Pierce,24,IND,WR,16.5,14.5,0.0,0.0,0.0,34.5,19.200000000000003,67.0,34.5,669.0,4.5,0.0,128.4
Jaylen Warren,26,PIT,RB,16.0,0.0,134.5,340.0,0.0,49.5,7.1499999999999995,60.5,184.0,987.5,2.5,3.0,157.25
Tank Bigsby,23,JAX,RB,16.0,1.0,168.0,54.0,0.0,7.0,7.7,12.0,175.0,820.0,7.0,4.0,123.0
Josh Downs,23,IND,WR,14.0,8.0,1.0,12.0,0.0,72.0,11.2,107.0,73.0,815.0,5.0,0.0,183.5
Travis Etienne,25,JAX,RB,16.0,16.0,208.5,365.0,0.5,48.5,7.35,62.5,257.0,1148.0,7.0,0.5,204.3
Michael Pittman Jr.,27,IND,WR,16.25,15.5,2.0,18.5,0.0,91.25,10.975000000000001,134.25,93.25,1010.25,4.25,1.5,214.775
Deebo Samuel,28,SFO,WR,13.2,12.4,37.6,196.8,3.4,55.4,13.86,85.8,93.0,994.8,7.2,2.0,194.07999999999998
Jerome Ford,25,CLE,RB,15.5,9.0,154.0,272.0,2.5,40.5,6.699999999999999,53.0,194.5,961.0,6.0,0.5,171.60000000000002
Ray-Ray McCloud,28,ATL,WR,14.0,3.8333333333333335,3.8333333333333335,44.5,0.16666666666666666,24.5,10.16,35.833333333333336,28.333333333333332,280.8333333333333,0.5,2.6666666666666665,50.24999999999999
Rashod Bateman,25,BAL,WR,13.0,10.333333333333334,0.3333333333333333,6.0,0.0,30.666666666666668,15.766666666666666,52.0,31.0,475.3333333333333,4.0,0.3333333333333333,101.53333333333333
Jaylen Waddle,26,MIA,WR,15.333333333333334,15.333333333333334,3.3333333333333335,16.666666666666668,0.0,68.33333333333333,15.0,101.33333333333333,71.66666666666667,1054.6666666666667,4.666666666666667,0.3333333333333333,201.13333333333335
Keenan Allen,32,CHI,WR,12.636363636363637,12.272727272727273,1.6363636363636365,10.272727272727273,0.0,82.0909090909091,11.190909090909091,120.45454545454545,83.72727272727273,940.0909090909091,5.2727272727272725,1.3636363636363635,205.00909090909093
Antonio Gibson,26,NWE,RB,16.0,6.25,148.0,310.5,1.75,39.75,7.949999999999999,49.5,187.75,907.0,4.75,3.25,152.45
Austin Ekeler,29,WAS,RB,14.142857142857142,10.571428571428571,145.71428571428572,567.2857142857143,3.857142857142857,64.0,9.085714285714287,80.28571428571429,209.71428571428572,1204.7142857142858,9.714285714285714,3.142857142857143,236.4714285714286
Tyler Allgeier,24,ATL,RB,17.0,1.5,161.5,140.5,0.5,15.5,8.75,18.0,177.0,804.0,4.0,0.0,119.9
Sam LaPorta,23,DET,TE,16.0,16.0,0.0,0.0,0.0,60.0,12.1,83.0,60.0,726.0,7.0,0.0,174.60000000000002
Cooper Kupp,31,LAR,WR,12.714285714285714,11.857142857142858,3.7142857142857144,19.857142857142858,0.14285714285714285,81.71428571428571,12.071428571428571,113.85714285714286,85.42857142857143,1006.5714285714286,7.571428571428571,1.0,225.8
Quentin Johnston,23,LAC,WR,15.0,11.0,3.0,6.0,0.0,55.0,12.9,91.0,58.0,717.0,8.0,0.0,174.7
Wan'Dale Robinson,23,NYG,WR,16.0,7.5,6.0,52.5,0.5,76.5,8.15,109.0,82.5,664.5,2.5,0.0,157.95
Alexander Mattison,26,LVR,RB,15.2,5.2,123.2,186.0,1.4,25.2,7.479999999999999,32.8,148.4,651.6,4.2,1.0,113.56000000000002
Tucker Kraft,24,GNB,TE,17.0,17.0,3.0,6.0,0.0,50.0,14.1,70.0,53.0,713.0,7.0,1.0,161.3
Tank Dell,25,HOU,WR,14.0,10.0,9.0,43.0,0.0,51.0,13.1,81.0,60.0,710.0,3.0,0.0,140.0
Mark Andrews,29,BAL,TE,14.666666666666666,8.666666666666666,1.5,2.1666666666666665,0.0,67.0,12.333333333333334,97.0,68.5,831.8333333333334,8.0,1.1666666666666667,195.85
Hunter Henry,30,NWE,TE,13.0,11.125,0.0,0.0,0.0,44.875,11.385714285714286,65.375,44.875,506.125,4.0,0.25,118.98750000000001
Mike Gesicki,29,CIN,TE,16.5,6.166666666666667,0.0,0.0,0.0,50.5,10.85,77.66666666666667,50.5,554.0,3.6666666666666665,0.3333333333333333,127.23333333333333
Zach Ertz,34,WAS,TE,13.0,10.846153846153847,0.15384615384615385,0.6153846153846154,0.0,62.53846153846154,10.099999999999998,92.84615384615384,62.69230769230769,645.3846153846154,4.153846153846154,0.46153846153846156,151.07692307692307
Pat Freiermuth,26,PIT,TE,15.0,9.333333333333334,0.0,0.0,0.0,53.333333333333336,10.4,74.33333333333333,53.333333333333336,564.3333333333334,3.6666666666666665,1.0,129.76666666666668
Christian Watson,25,GNB,WR,12.0,12.0,4.0,17.0,0.0,28.5,18.25,53.0,32.5,538.0,3.5,0.5,102.30000000000001
Demario Douglas,24,NWE,WR,17.0,7.0,3.0,16.0,0.0,66.0,9.4,87.0,69.0,637.0,3.0,1.0,145.7
Jalen Hurts,26,PHI,QB,15.5,15.5,152.75,0.0,0.0,0.0,,0.25,152.75,694.75,13.0,9.0,129.47500000000002
Adam Thielen,34,CAR,WR,14.6,12.6,2.2,17.8,0.1,67.7,12.219999999999999,96.2,69.9,835.2,6.4,0.9,187.82000000000002
Justice Hill,27,BAL,RB,14.5,1.25,48.0,166.75,1.0,21.75,6.325000000000001,26.75,69.75,401.0,2.0,0.75,72.35
Jalen Tolbert,25,DAL,WR,17.0,10.5,0.0,0.0,0.0,35.5,12.3,57.5,35.5,439.0,4.5,0.5,105.4
DeAndre Hopkins,32,KAN,WR,13.692307692307692,12.384615384615385,0.46153846153846156,1.6153846153846154,0.0,76.0,12.715384615384616,121.07692307692308,76.46153846153847,984.1538461538462,6.615384615384615,1.0,212.10769230769233
DeAndre Hopkins,32,KAN,WR,13.692307692307692,12.384615384615385,0.46153846153846156,1.6153846153846154,0.0,76.0,12.715384615384616,121.07692307692308,76.46153846153847,984.1538461538462,6.615384615384615,1.0,212.10769230769233
DeAndre Hopkins,32,KAN,WR,13.692307692307692,12.384615384615385,0.46153846153846156,1.6153846153846154,0.0,76.0,12.715384615384616,121.07692307692308,76.46153846153847,984.1538461538462,6.615384615384615,1.0,212.10769230769233
Kyle Pitts,24,ATL,TE,14.666666666666666,13.333333333333334,0.3333333333333333,-1.3333333333333333,0.0,42.666666666666664,12.699999999999998,74.33333333333333,43.0,540.3333333333334,3.0,0.0,114.7
Romeo Doubs,24,GNB,WR,15.0,14.0,0.0,0.0,0.0,52.5,12.25,84.0,52.5,637.5,6.0,0.5,151.25
Tyler Lockett,32,SEA,WR,16.11111111111111,14.0,3.888888888888889,27.22222222222222,0.1111111111111111,67.77777777777777,13.233333333333334,96.55555555555556,71.66666666666667,908.3333333333334,6.222222222222222,0.6666666666666666,194.61111111111111
Cade Otton,25,TAM,TE,15.5,15.5,0.5,-2.0,0.0,53.0,9.95,77.0,53.5,525.5,4.0,1.5,126.55000000000001
Darius Slayton,27,NYG,WR,15.6,11.4,1.0,0.6,0.0,42.2,14.76,75.0,43.2,632.0,2.6,1.0,119.0
Kayshon Boutte,22,NWE,WR,15.0,13.0,0.0,0.0,0.0,43.0,13.7,68.0,43.0,589.0,3.0,0.0,119.9
Josh Palmer,25,LAC,WR,13.666666666666666,8.0,0.6666666666666666,3.3333333333333335,0.0,49.666666666666664,13.666666666666666,77.66666666666667,50.333333333333336,648.0,2.0,0.6666666666666666,125.13333333333334
Tre Tucker,23,LVR,WR,17.0,14.0,9.0,44.0,1.0,47.0,11.5,81.0,56.0,583.0,4.0,0.0,129.3
Chris Godwin,28,TAM,WR,13.571428571428571,11.714285714285714,1.8571428571428572,10.571428571428571,0.2857142857142857,77.85714285714286,12.514285714285714,108.71428571428571,79.71428571428571,973.5714285714286,5.714285714285714,1.4285714285714286,206.64285714285714
Ameer Abdullah,31,LVR,RB,11.692307692307692,1.3846153846153846,31.0,123.23076923076923,0.8461538461538461,16.846153846153847,7.86923076923077,22.076923076923077,47.84615384615385,243.53846153846155,1.3076923076923077,0.5384615384615384,47.96923076923077
Jaleel McLaughlin,24,DEN,RB,16.0,5.0,113.0,76.0,2.0,24.0,3.2,27.0,137.0,572.0,3.0,1.0,97.2
Kyler Murray,27,ARI,QB,13.2,13.2,82.0,1.4,0.0,0.0,,0.0,82.0,496.6,5.4,9.0,64.06
Tutu Atwell,25,LAR,WR,15.333333333333334,7.666666666666667,5.333333333333333,24.0,0.3333333333333333,33.0,14.133333333333333,54.666666666666664,38.333333333333336,471.6666666666667,1.6666666666666667,0.0,90.16666666666667
Devin Singletary,27,NYG,RB,16.2,12.6,170.0,217.8,0.4,33.4,6.460000000000001,42.8,203.4,960.0,4.8,2.4,153.39999999999998
Michael Wilson,24,ARI,WR,16.0,13.0,1.0,7.0,0.0,47.0,11.7,71.0,48.0,555.0,4.0,1.0,124.5
Emanuel Wilson,25,GNB,RB,17.0,0.0,103.0,48.0,1.0,11.0,4.4,14.0,114.0,550.0,5.0,0.0,96.0
Calvin Austin III,25,PIT,WR,17.0,8.0,0.0,0.0,0.0,36.0,15.2,58.0,36.0,548.0,4.0,1.0,112.80000000000001
Juwan Johnson,28,NOR,TE,15.0,7.5,0.0,0.0,0.0,35.5,11.299999999999999,53.0,35.5,395.75,4.5,0.5,101.075
Amari Cooper,30,BUF,WR,12.846153846153847,11.76923076923077,1.0,4.923076923076923,0.0,58.30769230769231,13.676923076923078,94.23076923076923,59.30769230769231,813.7692307692307,5.3076923076923075,0.7692307692307693,169.99230769230766
Amari Cooper,30,BUF,WR,12.846153846153847,11.76923076923077,1.0,4.923076923076923,0.0,58.30769230769231,13.676923076923078,94.23076923076923,59.30769230769231,813.7692307692307,5.3076923076923075,0.7692307692307693,169.99230769230766
Amari Cooper,30,BUF,WR,12.846153846153847,11.76923076923077,1.0,4.923076923076923,0.0,58.30769230769231,13.676923076923078,94.23076923076923,59.30769230769231,813.7692307692307,5.3076923076923075,0.7692307692307693,169.99230769230766
Marvin Mims,22,DEN,WR,17.0,2.0,13.0,42.0,0.0,39.0,12.9,52.0,52.0,545.0,6.0,1.0,127.5
Elijah Moore,24,CLE,WR,16.666666666666668,11.333333333333334,5.0,5.666666666666667,0.0,52.333333333333336,10.566666666666666,90.33333333333333,57.333333333333336,547.0,1.3333333333333333,1.0,113.03333333333333
Josh Allen,28,BUF,QB,16.5,16.5,111.66666666666667,3.1666666666666665,0.3333333333333333,0.16666666666666666,12.0,0.16666666666666666,111.83333333333333,588.3333333333334,9.833333333333334,9.333333333333334,99.33333333333333
Tyjae Spears,23,TEN,RB,12.0,1.0,84.0,224.0,1.0,30.0,7.5,35.0,114.0,536.0,5.0,1.0,111.6
Dalton Schultz,28,HOU,TE,16.0,10.833333333333334,0.0,0.0,0.0,51.833333333333336,9.516666666666667,76.16666666666667,51.833333333333336,528.8333333333334,4.0,0.5,127.71666666666667
Allen Lazard,29,NYJ,WR,13.666666666666666,10.333333333333334,1.3333333333333333,11.666666666666666,0.0,38.0,13.499999999999998,61.166666666666664,39.333333333333336,523.3333333333334,4.5,0.0,117.33333333333334
Olamide Zaccheaus,27,WAS,WR,15.8,6.0,1.0,3.4,0.0,29.2,13.539999999999997,46.0,30.2,380.0,2.4,0.8,80.0
KaVontae Turpin,28,DAL,WR,16.5,1.0,13.5,101.0,0.5,21.5,12.05,35.0,35.0,374.5,3.0,2.0,72.95
Cam Akers,25,MIN,RB,8.0,1.875,65.125,50.375,0.75,8.25,5.6000000000000005,10.125,73.375,301.75,2.625,0.5,53.175
Cam Akers,25,MIN,RB,8.0,1.875,65.125,50.375,0.75,8.25,5.6000000000000005,10.125,73.375,301.75,2.625,0.5,53.175
Cam Akers,25,MIN,RB,8.0,1.875,65.125,50.375,0.75,8.25,5.6000000000000005,10.125,73.375,301.75,2.625,0.5,53.175
David Njoku,28,CLE,TE,12.857142857142858,10.285714285714286,0.42857142857142855,-1.0,0.0,45.57142857142857,10.514285714285716,68.57142857142857,46.0,482.2857142857143,3.7142857142857144,0.42857142857142855,115.22857142857143
Demarcus Robinson,30,LAR,WR,16.375,8.5,0.125,2.875,0.0,31.25,12.2875,50.625,31.375,379.5,3.375,0.75,87.95
Stefon Diggs,31,HOU,WR,14.555555555555555,14.11111111111111,3.5555555555555554,17.444444444444443,0.1111111111111111,89.44444444444444,12.322222222222221,128.66666666666666,93.0,1103.111111111111,7.444444444444445,0.8888888888888888,242.64444444444445
Noah Fant,27,SEA,TE,15.8,14.4,0.0,0.0,0.0,52.0,10.76,70.6,52.0,548.6,2.4,0.0,121.26000000000002
Anthony Richardson,22,IND,QB,11.0,11.0,86.0,-1.0,0.0,1.0,-1.0,1.0,87.0,498.0,6.0,9.0,68.80000000000001
Ty Johnson,27,BUF,RB,12.285714285714286,1.0,38.57142857142857,143.42857142857142,1.1428571428571428,14.714285714285714,9.216666666666667,21.857142857142858,53.285714285714285,322.14285714285717,2.0,0.42857142857142855,58.07142857142858
Nick Westbrook-Ikhine,27,TEN,WR,16.0,9.5,0.0,0.0,0.0,30.75,14.274999999999999,53.0,30.75,435.0,4.75,0.25,102.25
Dallas Goedert,29,PHI,TE,12.833333333333334,11.333333333333334,0.16666666666666666,0.16666666666666666,0.0,52.666666666666664,11.883333333333333,72.0,52.833333333333336,625.3333333333334,3.3333333333333335,1.0,133.2
Chigoziem Okonkwo,25,TEN,TE,17.0,11.0,1.5,11.5,0.0,53.0,9.5,73.5,54.5,515.0,1.5,1.0,111.5
Jake Ferguson,25,DAL,TE,15.5,15.0,0.0,0.0,0.0,65.0,9.55,94.0,65.0,627.5,2.5,2.0,138.75
Will Dissly,28,LAC,TE,13.833333333333334,11.5,0.16666666666666666,1.1666666666666667,0.0,28.166666666666668,10.483333333333334,34.333333333333336,28.333333333333332,292.1666666666667,2.1666666666666665,0.3333333333333333,69.71666666666667
Andrei Iosivas,25,CIN,WR,17.0,8.0,0.0,0.0,0.0,36.0,13.3,61.0,36.0,479.0,6.0,0.0,119.9
Isaiah Likely,24,BAL,TE,16.5,8.5,0.0,0.0,0.0,36.0,12.55,49.0,36.0,444.0,5.5,0.5,112.4
Austin Hooper,30,NWE,TE,15.625,9.125,0.0,0.0,0.0,48.75,9.9875,66.375,48.75,488.375,3.125,0.25,115.8375
Cole Kmet,25,CHI,TE,17.0,16.75,1.5,2.75,0.0,57.5,10.25,76.75,59.0,590.0,4.25,0.5,141.0
Taysom Hill,34,NOR,TE,14.285714285714286,7.0,62.42857142857143,134.71428571428572,1.5714285714285714,14.142857142857142,9.200000000000001,18.714285714285715,76.57142857142857,482.85714285714283,6.285714285714286,2.4285714285714284,95.28571428571428
T.J. Hockenson,27,MIN,TE,12.428571428571429,10.857142857142858,0.14285714285714285,0.0,0.0,62.285714285714285,10.87142857142857,90.28571428571429,62.42857142857143,649.8571428571429,3.857142857142857,0.5714285714285714,149.27142857142857
Noah Brown,28,WAS,WR,12.333333333333334,5.5,0.3333333333333333,0.5,0.0,24.333333333333332,12.716666666666667,40.333333333333336,24.666666666666668,328.3333333333333,1.0,0.16666666666666666,62.833333333333336
Tyler Conklin,29,NYJ,TE,16.333333333333332,10.166666666666666,0.6666666666666666,0.5,0.0,43.0,9.283333333333333,61.5,43.666666666666664,411.6666666666667,1.8333333333333333,0.6666666666666666,93.83333333333334
Dalton Kincaid,25,BUF,TE,13.0,9.0,0.0,0.0,0.0,44.0,10.2,75.0,44.0,448.0,2.0,1.0,98.80000000000001
Raheem Mostert,32,MIA,RB,7.571428571428571,2.7857142857142856,54.285714285714285,64.21428571428571,0.5714285714285714,7.928571428571429,8.15,10.357142857142858,62.214285714285715,335.42857142857144,3.0,0.9285714285714286,57.61428571428572
Noah Gray,25,KAN,TE,17.0,9.333333333333334,1.0,-0.6666666666666666,0.3333333333333333,32.0,10.833333333333334,41.333333333333336,33.0,346.3333333333333,3.0,0.0,84.63333333333333
Zack Moss,27,CIN,RB,10.166666666666666,3.3333333333333335,89.83333333333333,109.0,0.6666666666666666,15.833333333333334,5.7,20.333333333333332,105.66666666666667,491.1666666666667,2.8333333333333335,1.0,79.95
Sean Tucker,23,TAM,RB,17.0,0.0,50.0,109.0,1.0,9.0,12.1,12.0,59.0,417.0,3.0,1.0,66.7
Dontayvion Wicks,23,GNB,WR,17.0,5.0,0.0,0.0,0.0,39.0,10.6,76.0,39.0,415.0,5.0,0.0,110.5
Marquez Valdes-Scantling,30,NOR,WR,13.0,8.25,1.125,3.375,0.0,23.25,17.924999999999997,48.125,24.375,427.875,2.75,0.25,82.0375
Marquez Valdes-Scantling,30,NOR,WR,13.0,8.25,1.125,3.375,0.0,23.25,17.924999999999997,48.125,24.375,427.875,2.75,0.25,82.0375
Marquez Valdes-Scantling,30,NOR,WR,13.0,8.25,1.125,3.375,0.0,23.25,17.924999999999997,48.125,24.375,427.875,2.75,0.25,82.0375
Samaje Perine,29,KAN,RB,11.222222222222221,0.4444444444444444,33.77777777777778,147.88888888888889,0.6666666666666666,17.444444444444443,7.2,21.0,51.22222222222222,296.22222222222223,1.5555555555555556,0.3333333333333333,55.733333333333334
Foster Moreau,27,NOR,TE,16.0,10.8,0.0,0.4,0.0,24.6,13.440000000000001,35.0,24.6,308.2,2.6,0.4,70.22000000000001
Brenton Strange,24,JAX,TE,17.0,10.0,0.0,0.0,0.0,40.0,10.3,53.0,40.0,411.0,2.0,1.0,91.1
Jalen Nailor,25,MIN,WR,11.5,4.0,1.5,-2.0,0.0,15.5,12.25,24.0,17.0,219.5,3.0,0.5,54.45
Chris Olave,24,NOR,WR,12.0,9.5,0.5,3.5,0.0,59.5,12.7,91.0,60.0,765.0,3.0,0.5,153.0
Kenneth Gainwell,25,PHI,RB,16.666666666666668,1.0,70.66666666666667,156.0,0.0,23.0,6.8999999999999995,29.333333333333332,93.66666666666667,454.0,2.3333333333333335,1.0,80.4
Sterling Shepard,31,TAM,WR,11.0,7.875,3.625,28.0,0.125,42.375,10.4625,64.25,46.0,496.25,2.125,0.375,104.0
Tim Patrick,31,DET,WR,13.75,10.5,0.0,0.0,0.0,38.25,13.450000000000001,59.75,38.25,522.0,3.5,0.0,111.45
Tyler Boyd,30,TEN,WR,15.0,10.375,2.0,13.875,0.0,62.25,11.425,91.125,64.25,737.25,3.75,0.5,157.47500000000002
Jordan Akins,32,CLE,TE,15.166666666666666,5.0,0.3333333333333333,1.1666666666666667,0.0,31.5,10.566666666666665,45.333333333333336,31.833333333333332,343.1666666666667,1.6666666666666667,0.6666666666666666,74.48333333333333
Parker Washington,22,JAX,WR,17.0,7.0,0.0,0.0,0.0,32.0,12.2,51.0,32.0,390.0,3.0,2.0,85.0
Isiah Pacheco,25,KAN,RB,10.5,9.5,144.0,161.5,1.0,28.0,6.05,32.5,172.0,784.0,5.0,0.5,135.4
Diontae Johnson,28,HOU,WR,10.625,8.875,2.375,13.125,0.0,49.75,10.1375,85.125,52.125,567.25,3.25,0.75,124.475
Diontae Johnson,28,HOU,WR,10.625,8.875,2.375,13.125,0.0,49.75,10.1375,85.125,52.125,567.25,3.25,0.75,124.475
Diontae Johnson,28,HOU,WR,10.625,8.875,2.375,13.125,0.0,49.75,10.1375,85.125,52.125,567.25,3.25,0.75,124.475
Diontae Johnson,28,HOU,WR,10.625,8.875,2.375,13.125,0.0,49.75,10.1375,85.125,52.125,567.25,3.25,0.75,124.475
Christian Kirk,28,JAX,WR,13.5,11.666666666666666,3.1666666666666665,20.666666666666668,0.0,60.166666666666664,12.85,92.5,63.333333333333336,785.0,4.333333333333333,0.6666666666666666,163.33333333333331
Mack Hollins,31,BUF,WR,14.0,5.375,0.5,5.0,0.0,19.5,12.871428571428572,34.125,20.0,251.0,1.75,0.125,54.85
Baker Mayfield,29,TAM,QB,13.0,12.5,37.875,2.125,0.0,0.125,6.0,0.125,38.0,147.0,1.375,7.375,8.325000000000003
Rashid Shaheed,26,NOR,WR,10.5,6.5,6.5,33.0,0.0,33.0,16.55,58.0,39.5,567.0,4.0,1.0,111.7
Brandon Aiyuk,26,SFO,WR,14.25,14.0,1.75,10.0,0.0,58.5,15.175,87.5,60.25,899.25,5.0,1.0,176.425
Greg Dortch,26,ARI,WR,13.5,3.5,3.5,26.0,0.0,29.0,8.725,39.5,32.5,302.0,1.75,1.0,67.7
Gus Edwards,29,LAC,RB,13.8,5.2,132.6,72.0,0.0,6.2,9.425,8.0,138.8,680.4,5.6,1.4,105.04
Evan Engram,30,JAX,TE,13.285714285714286,11.142857142857142,2.142857142857143,11.285714285714286,0.14285714285714285,61.714285714285715,9.914285714285713,88.42857142857143,63.857142857142854,611.2857142857143,2.857142857142857,0.8571428571428571,138.27142857142857
Nick Chubb,29,CLE,RB,11.5,11.5,191.33333333333334,148.83333333333334,0.5,18.0,7.7,24.0,209.33333333333334,1123.3333333333333,7.666666666666667,1.3333333333333333,173.66666666666666
Miles Sanders,27,CAR,RB,13.6,9.0,148.8,147.0,0.2,25.0,5.779999999999999,36.6,173.8,852.4,4.2,2.0,131.44
David Moore,29,CAR,WR,9.5,2.375,1.625,11.375,0.0,14.375,15.3,25.25,16.0,212.375,2.125,0.625,47.1125
Christian McCaffrey,28,SFO,RB,10.666666666666666,10.444444444444445,163.77777777777777,506.22222222222223,3.2222222222222223,58.77777777777778,8.777777777777779,71.55555555555556,222.55555555555554,1294.111111111111,9.666666666666666,1.3333333333333333,243.52222222222224
Dyami Brown,25,WAS,WR,16.0,1.3333333333333333,1.6666666666666667,13.666666666666666,0.0,15.666666666666666,17.633333333333336,25.666666666666668,17.333333333333332,220.0,1.3333333333333333,0.3333333333333333,45.0
Cedric Tillman,24,CLE,WR,11.0,6.0,1.0,-5.0,0.0,29.0,11.7,49.0,30.0,334.0,3.0,1.0,78.4
Emari Demercado,25,ARI,RB,13.0,0.0,24.0,104.0,0.0,16.0,6.5,20.0,40.0,327.0,1.0,0.0,54.7
Brock Purdy,25,SFO,QB,15.5,15.5,52.5,0.0,0.0,0.0,,0.0,52.5,233.5,3.5,6.5,31.35
Kendrick Bourne,29,NWE,WR,14.285714285714286,4.857142857142857,2.857142857142857,24.857142857142858,0.0,39.42857142857143,12.271428571428572,56.42857142857143,42.285714285714285,518.7142857142857,3.142857142857143,0.7142857142857143,108.72857142857143
Dawson Knox,28,BUF,TE,14.0,12.0,0.0,0.8,0.0,33.0,11.48,49.8,33.0,378.6,4.2,0.4,95.26000000000002
Dare Ogunbowale,30,HOU,RB,13.571428571428571,1.2857142857142858,23.714285714285715,110.57142857142857,0.2857142857142857,14.142857142857142,7.833333333333332,21.142857142857142,37.857142857142854,191.85714285714286,0.8571428571428571,0.2857142857142857,37.900000000000006
Patrick Mahomes,29,KAN,QB,15.857142857142858,15.857142857142858,60.714285714285715,1.1428571428571428,0.0,0.2857142857142857,4.0,0.5714285714285714,61.0,320.14285714285717,2.0,5.428571428571429,33.44285714285715
Justin Herbert,26,LAC,QB,16.0,16.0,59.5,0.0,0.0,0.75,2.5,0.75,60.25,245.75,2.0,4.75,27.825000000000003
Grant Calcaterra,26,PHI,TE,16.0,7.0,0.0,0.0,0.0,14.0,11.100000000000001,17.0,14.0,168.5,0.5,0.0,33.85
Mike Williams,30,PIT,WR,12.666666666666666,7.888888888888889,1.1111111111111112,3.7777777777777777,0.1111111111111111,37.77777777777778,15.188888888888888,61.888888888888886,38.888888888888886,593.4444444444445,3.7777777777777777,0.0,119.78888888888889
Mike Williams,30,PIT,WR,12.666666666666666,7.888888888888889,1.1111111111111112,3.7777777777777777,0.1111111111111111,37.77777777777778,15.188888888888888,61.888888888888886,38.888888888888886,593.4444444444445,3.7777777777777777,0.0,119.78888888888889
Mike Williams,30,PIT,WR,12.666666666666666,7.888888888888889,1.1111111111111112,3.7777777777777777,0.1111111111111111,37.77777777777778,15.188888888888888,61.888888888888886,38.888888888888886,593.4444444444445,3.7777777777777777,0.0,119.78888888888889
Ezekiel Elliott,29,DAL,RB,15.0,11.75,227.125,294.375,1.625,42.0,6.925,55.375,269.125,1231.75,9.0,2.5,214.175
Dameon Pierce,24,HOU,RB,12.5,3.5,92.5,51.5,0.0,7.5,4.4,10.5,100.0,406.0,2.0,0.5,59.1
Colby Parkinson,25,LAR,TE,16.25,3.25,0.0,0.0,0.0,21.25,9.8,31.25,21.25,224.0,1.25,0.0,51.150000000000006
Lil'Jordan Humphrey,26,DEN,WR,10.6,4.4,0.0,0.0,0.0,12.4,13.3,18.2,12.4,154.0,1.4,0.4,35.400000000000006
Tyler Johnson,26,LAR,WR,8.75,1.25,0.0,0.0,0.0,16.0,8.4,24.75,16.0,164.75,0.5,0.0,35.475
Justin Fields,25,PIT,QB,12.666666666666666,11.333333333333334,115.33333333333333,0.0,0.0,0.0,,0.0,115.33333333333333,696.3333333333334,5.666666666666667,10.666666666666666,82.30000000000001
Rashee Rice,24,KAN,WR,4.0,4.0,1.0,1.0,0.0,24.0,12.0,29.0,25.0,289.0,2.0,0.0,64.9
Justin Watson,28,KAN,WR,13.0,4.0,0.0,0.0,0.0,14.333333333333334,15.02,26.0,14.333333333333334,219.5,1.5,0.16666666666666666,44.95
Jeremy McNichols,29,WAS,RB,8.666666666666666,0.16666666666666666,24.166666666666668,53.666666666666664,0.16666666666666666,8.166666666666666,5.3999999999999995,11.166666666666666,32.333333333333336,157.83333333333334,1.0,0.0,29.950000000000003
D'Onta Foreman,28,CLE,RB,8.833333333333334,3.8333333333333335,90.83333333333333,52.166666666666664,0.5,5.666666666666667,8.983333333333334,7.833333333333333,96.5,424.0,2.5,1.1666666666666667,60.733333333333334
Van Jefferson,28,PIT,WR,13.166666666666666,9.333333333333334,0.6666666666666666,4.666666666666667,0.0,23.0,12.549999999999999,43.166666666666664,23.666666666666668,315.5,1.8333333333333333,0.0,65.55
Geno Smith,34,SEA,QB,7.8,6.7,24.4,-0.2,0.0,0.1,-2.0,0.2,24.5,112.6,0.6,3.6,7.759999999999999
Curtis Samuel,28,BUF,WR,13.714285714285714,8.0,17.428571428571427,95.0,1.0,47.57142857142857,9.757142857142856,72.14285714285714,65.0,598.0,4.285714285714286,0.42857142857142855,132.22857142857143
Daniel Jones,27,NYG,QB,11.4,11.4,70.8,3.2,0.0,0.2,16.0,0.2,71.0,383.2,2.6,6.2,41.720000000000006
Josh Oliver,27,MIN,TE,15.75,9.0,0.0,0.0,0.0,16.75,9.825,24.0,16.75,171.5,1.75,0.5,43.400000000000006
Trey Sermon,25,IND,RB,11.0,1.0,31.0,37.333333333333336,0.0,6.333333333333333,5.25,8.333333333333334,37.333333333333336,150.0,0.6666666666666666,0.0,25.333333333333332
Brandin Cooks,31,DAL,WR,14.8,13.7,5.1,26.8,0.1,65.7,13.430000000000001,103.0,70.8,925.0,5.8,0.4,192.2
Roschon Johnson,23,CHI,RB,14.0,0.0,55.0,104.0,0.0,16.0,6.5,20.0,71.0,254.0,6.0,0.0,77.4
John Metchie,24,HOU,WR,13.0,3.0,0.0,0.0,0.0,24.0,10.6,37.0,24.0,254.0,1.0,1.0,53.400000000000006
Chris Brooks,24,GNB,RB,15.0,0.0,36.0,69.0,0.0,11.0,6.3,13.0,47.0,252.0,1.0,0.0,42.2
Bryce Young,23,CAR,QB,14.0,12.0,43.0,0.0,0.0,0.0,,0.0,43.0,249.0,6.0,5.0,50.900000000000006
Josh Whyle,25,TEN,TE,17.0,4.0,0.0,0.0,0.0,28.0,8.9,37.0,28.0,248.0,1.0,0.0,58.8
Luke Schoonmaker,26,DAL,TE,17.0,6.0,0.0,0.0,0.0,27.0,8.9,36.0,27.0,241.0,1.0,0.0,57.1
Gabriel Davis,25,JAX,WR,14.5,11.25,0.25,-0.5,0.0,37.0,15.424999999999999,69.75,37.25,592.0,5.5,0.75,127.69999999999999
D'Ernest Johnson,28,JAX,RB,15.8,0.6,42.0,78.8,0.0,9.4,7.24,12.6,51.4,272.4,0.6,0.4,39.440000000000005
Tommy Tremble,24,CAR,TE,15.0,7.666666666666667,0.0,0.0,0.0,21.666666666666668,9.266666666666667,32.0,21.666666666666668,200.66666666666666,2.6666666666666665,0.6666666666666666,56.4
C.J. Stroud,23,HOU,QB,17.0,17.0,52.0,0.0,0.0,0.0,,1.0,52.0,233.0,0.0,6.0,11.3
Nelson Agholor,31,BAL,WR,15.11111111111111,10.333333333333334,1.5555555555555556,7.888888888888889,0.0,40.666666666666664,12.655555555555557,67.0,42.22222222222222,516.2222222222222,4.0,0.7777777777777778,114.73333333333333
JuJu Smith-Schuster,28,KAN,WR,12.857142857142858,10.428571428571429,0.5714285714285714,3.142857142857143,0.14285714285714285,55.714285714285715,10.985714285714284,80.85714285714286,56.285714285714285,626.2857142857143,3.7142857142857144,1.1428571428571428,138.34285714285716
Jahan Dotson,24,PHI,WR,17.0,11.0,0.5,6.5,0.0,34.0,11.0,58.0,34.5,373.5,2.0,0.0,83.35
Kyle Juszczyk,33,SFO,FB,15.727272727272727,12.909090909090908,6.090909090909091,21.545454545454547,0.5454545454545454,25.545454545454547,9.718181818181817,34.27272727272727,31.636363636363637,263.72727272727275,2.1818181818181817,0.7272727272727273,63.55454545454546
Ty Chandler,26,MIN,RB,17.0,2.0,79.0,100.5,0.0,13.5,7.3,15.5,92.5,422.0,1.5,0.0,64.7
Jamaal Williams,29,NOR,RB,14.428571428571429,5.428571428571429,130.85714285714286,149.71428571428572,0.8571428571428571,23.142857142857142,6.242857142857142,28.0,154.0,659.1428571428571,4.857142857142857,0.7142857142857143,116.77142857142856
Cordarrelle Patterson,33,PIT,RB,15.181818181818182,5.0,48.54545454545455,218.72727272727272,1.1818181818181819,24.09090909090909,8.00909090909091,34.27272727272727,72.63636363636364,444.90909090909093,2.909090909090909,1.1818181818181819,83.67272727272729
Kalif Raymond,30,DET,WR,11.222222222222221,3.3333333333333335,2.6666666666666665,14.333333333333334,0.0,18.555555555555557,14.425,25.555555555555557,21.22222222222222,267.3333333333333,0.8888888888888888,1.6666666666666667,47.28888888888889
Tyler Goodson,24,IND,RB,16.0,0.0,32.0,61.0,1.0,11.0,5.5,15.0,43.0,214.0,2.0,0.0,44.400000000000006
Zamir White,25,LVR,RB,12.5,4.5,84.5,64.0,0.0,10.5,5.75,13.5,95.0,381.0,1.0,1.5,51.6
Sam Darnold,27,MIN,QB,11.666666666666666,10.0,38.666666666666664,0.0,0.0,0.0,,0.0,38.666666666666664,139.0,2.1666666666666665,6.833333333333333,13.233333333333333
Pierre Strong,26,CLE,RB,15.5,0.5,44.5,75.5,0.0,9.5,8.4,15.0,54.0,275.0,0.5,0.5,39.0
Cedrick Wilson Jr.,29,NOR,WR,15.4,2.2,1.2,1.4,0.0,23.2,11.98,34.4,24.4,288.2,2.4,0.8,64.82
Stone Smartt,26,LAC,TE,15.5,2.5,0.0,0.0,0.0,13.5,13.55,20.0,13.5,181.5,0.5,0.5,33.650000000000006
Patrick Taylor,26,SFO,RB,12.666666666666666,0.3333333333333333,27.0,30.333333333333332,0.0,5.0,9.933333333333334,9.666666666666666,32.0,148.66666666666666,0.3333333333333333,0.0,21.866666666666667
Robert Woods,32,HOU,WR,14.272727272727273,11.909090909090908,6.636363636363637,45.27272727272727,0.45454545454545453,58.45454545454545,11.70909090909091,91.63636363636364,65.0909090909091,740.3636363636364,3.6363636363636362,0.9090909090909091,152.4909090909091
Joe Burrow,28,CIN,QB,14.75,14.75,47.0,0.0,0.0,0.0,,0.0,47.0,166.0,2.25,6.0,18.1
Darnell Washington,23,PIT,TE,17.0,9.0,0.0,0.0,0.0,19.0,10.5,25.0,19.0,200.0,1.0,0.0,45.0
Kenny McIntosh,24,SEA,RB,17.0,0.0,31.0,22.0,0.0,3.0,7.3,4.0,34.0,194.0,0.0,0.0,22.400000000000002
Josh Reynolds,29,JAX,WR,11.0,5.545454545454546,0.7272727272727273,3.272727272727273,0.0,24.0,13.554545454545456,40.54545454545455,24.727272727272727,331.72727272727275,2.0,0.2727272727272727,68.62727272727274
Josh Reynolds,29,JAX,WR,11.0,5.545454545454546,0.7272727272727273,3.272727272727273,0.0,24.0,13.554545454545456,40.54545454545455,24.727272727272727,331.72727272727275,2.0,0.2727272727272727,68.62727272727274
Josh Reynolds,29,JAX,WR,11.0,5.545454545454546,0.7272727272727273,3.272727272727273,0.0,24.0,13.554545454545456,40.54545454545455,24.727272727272727,331.72727272727275,2.0,0.2727272727272727,68.62727272727274
Tylan Wallace,25,BAL,WR,12.333333333333334,0.0,0.0,0.0,0.0,5.333333333333333,12.266666666666666,7.0,5.333333333333333,79.0,0.3333333333333333,0.3333333333333333,14.566666666666668
DJ Turner,27,LVR,WR,11.0,3.0,2.5,16.5,0.5,8.0,9.9,14.5,10.5,95.5,1.0,0.5,22.55
Michael Carter,25,ARI,RB,9.8,2.2,41.8,109.4,0.4,20.0,4.92,25.4,61.8,290.8,1.2,0.4,55.480000000000004
Adam Trautman,27,DEN,TE,15.5,12.0,0.0,0.0,0.0,20.0,11.25,30.5,20.0,215.5,2.0,0.25,53.05
Chris Rodriguez,24,WAS,RB,9.0,0.0,35.0,12.0,0.0,1.0,12.0,1.0,36.0,185.0,2.0,0.0,31.5
Will Levis,25,TEN,QB,12.0,12.0,45.0,0.0,0.0,0.0,,0.0,45.0,183.0,0.0,10.0,-1.6999999999999993
Kylen Granson,26,IND,TE,15.0,5.666666666666667,0.6666666666666666,0.6666666666666666,0.0,25.0,11.666666666666666,40.333333333333336,25.666666666666668,284.6666666666667,0.3333333333333333,0.3333333333333333,54.800000000000004
Kendre Miller,22,NOR,RB,6.0,2.0,39.0,33.0,0.0,5.0,6.6,8.0,44.0,181.0,1.0,0.0,29.1
Craig Reynolds,28,DET,RB,10.0,0.4,30.2,51.6,0.0,5.0,9.2,5.8,35.2,182.4,0.2,0.6,23.240000000000002
Jalen Brooks,24,DAL,WR,14.0,1.0,0.0,0.0,0.0,12.0,14.8,30.0,12.0,177.0,1.0,0.0,35.7
Elijah Higgins,24,ARI,TE,17.0,6.0,0.0,0.0,0.0,20.0,8.6,24.0,20.0,172.0,2.0,0.0,49.2
Trey Palmer,23,TAM,WR,15.0,3.0,0.0,0.0,0.0,12.0,14.3,22.0,12.0,172.0,1.0,1.0,33.2
Jonathan Mingo,23,DAL,WR,11.333333333333334,4.0,1.3333333333333333,3.3333333333333335,0.0,11.333333333333334,9.7,28.0,12.666666666666666,114.66666666666667,0.0,0.6666666666666666,21.466666666666672
Jonathan Mingo,23,DAL,WR,11.333333333333334,4.0,1.3333333333333333,3.3333333333333335,0.0,11.333333333333334,9.7,28.0,12.666666666666666,114.66666666666667,0.0,0.6666666666666666,21.466666666666672
Jonathan Mingo,23,DAL,WR,11.333333333333334,4.0,1.3333333333333333,3.3333333333333335,0.0,11.333333333333334,9.7,28.0,12.666666666666666,114.66666666666667,0.0,0.6666666666666666,21.466666666666672
Michael Mayer,23,LVR,TE,11.0,8.0,0.0,0.0,0.0,21.0,7.4,32.0,21.0,156.0,0.0,0.0,36.6
Tanner Hudson,30,CIN,TE,9.4,0.2,0.2,0.2,0.0,14.2,11.0,19.0,14.4,136.0,0.4,0.2,29.800000000000004
Russell Wilson,36,PIT,QB,15.25,15.25,77.5,1.75,0.08333333333333333,0.4166666666666667,3.5,0.4166666666666667,77.91666666666667,416.1666666666667,2.3333333333333335,8.5,39.03333333333334
Khalil Herbert,26,CIN,RB,10.6,2.4,66.6,48.2,0.4,9.8,4.0200000000000005,13.0,76.4,368.6,2.0,0.6,57.46000000000001
Khalil Herbert,26,CIN,RB,10.6,2.4,66.6,48.2,0.4,9.8,4.0200000000000005,13.0,76.4,368.6,2.0,0.6,57.46000000000001
Khalil Herbert,26,CIN,RB,10.6,2.4,66.6,48.2,0.4,9.8,4.0200000000000005,13.0,76.4,368.6,2.0,0.6,57.46000000000001
Mecole Hardman,26,KAN,WR,10.714285714285714,3.5714285714285716,3.2857142857142856,25.142857142857142,0.42857142857142855,23.857142857142858,9.642857142857142,34.42857142857143,27.142857142857142,294.85714285714283,1.8571428571428572,1.1428571428571428,62.199999999999996
Lucas Krull,26,DEN,TE,10.0,2.0,0.0,0.0,0.0,13.5,9.95,18.5,13.5,123.5,0.5,0.0,28.85
Derius Davis,24,LAC,WR,15.0,2.0,12.0,39.0,0.0,13.0,8.6,17.0,25.0,151.0,2.0,3.0,34.1
Hunter Luepke,24,DAL,RB,16.0,4.0,12.0,111.0,0.0,12.0,9.3,16.0,24.0,149.0,0.0,0.0,26.9
Deshaun Watson,29,CLE,QB,11.0,11.0,60.666666666666664,1.0,0.16666666666666666,0.16666666666666666,6.0,0.16666666666666666,60.833333333333336,313.1666666666667,3.1666666666666665,6.333333333333333,37.81666666666667
Mo Alie-Cox,31,IND,TE,16.5,7.666666666666667,0.0,0.0,0.0,17.833333333333332,12.016666666666666,27.833333333333332,17.833333333333332,216.66666666666666,2.1666666666666665,0.5,51.5
Bo Melton,25,GNB,WR,17.0,0.0,8.0,54.0,0.0,8.0,11.4,17.0,16.0,145.0,0.0,0.0,22.5
Johnny Mundt,30,MIN,TE,13.714285714285714,2.5714285714285716,0.0,0.0,0.0,9.285714285714286,8.4,12.0,9.285714285714286,78.14285714285714,0.5714285714285714,0.0,20.52857142857143
Jordan Mims,25,NOR,RB,11.0,0.0,20.0,71.0,0.0,12.0,5.9,18.0,32.0,141.0,0.0,0.0,26.1
Hassan Haskins,25,LAC,RB,17.0,0.0,34.0,49.0,1.0,3.0,16.3,3.0,37.0,138.0,3.0,1.0,32.8
Malik Willis,25,GNB,QB,5.0,1.0,12.5,0.0,0.0,0.0,,0.0,12.5,79.5,0.5,1.0,8.95
Tyler Huntley,26,MIA,QB,5.75,3.5,32.75,0.0,0.0,0.0,,0.0,32.75,155.25,1.25,3.25,16.525
Nick Vannett,31,TEN,TE,10.583333333333334,5.083333333333333,0.0,0.0,0.0,10.666666666666666,8.950000000000001,14.75,10.666666666666666,100.08333333333333,0.75,0.08333333333333333,25.00833333333333
Charlie Kolar,25,BAL,TE,14.0,3.0,0.5,1.0,0.0,8.0,13.5,10.0,8.5,110.0,1.0,0.0,25.0
Drew Lock,28,NYG,QB,7.75,5.75,19.25,0.25,0.0,0.25,1.0,0.25,19.5,90.25,1.75,3.75,12.274999999999999
Ronnie Rivers,25,LAR,RB,13.0,0.5,27.0,28.0,0.0,5.0,5.6,5.5,32.0,142.0,0.0,0.0,19.200000000000003
KhaDarel Hodge,29,ATL,WR,15.333333333333334,1.5,0.16666666666666666,0.0,0.0,10.333333333333334,16.383333333333333,18.166666666666668,10.5,163.0,0.3333333333333333,0.16666666666666666,28.3
Jamycal Hasty,28,NWE,RB,8.833333333333334,0.0,13.666666666666666,57.0,0.3333333333333333,8.833333333333334,6.333333333333333,11.833333333333334,22.5,112.16666666666667,0.8333333333333334,0.3333333333333333,24.383333333333336
Ryan Miller,24,TAM,WR,11.0,3.0,0.0,0.0,0.0,12.0,10.7,20.0,12.0,128.0,2.0,0.0,36.8
Daniel Bellinger,24,NYG,TE,17.0,10.5,0.0,0.0,0.0,19.5,9.55,22.5,19.5,190.0,0.0,0.0,38.5
Rakim Jarrett,23,TAM,WR,10.0,2.0,0.0,0.0,0.0,9.0,13.8,11.0,9.0,124.0,0.0,0.0,21.4
Dorian Thompson-Robinson,25,CLE,QB,7.0,2.0,21.0,0.0,0.0,0.0,,0.0,21.0,122.0,0.0,3.0,6.200000000000001
Dante Pettis,29,NOR,WR,7.571428571428571,1.8571428571428572,0.2857142857142857,5.285714285714286,0.0,8.571428571428571,13.25,17.285714285714285,8.857142857142858,107.14285714285714,1.2857142857142858,0.5714285714285714,25.857142857142858
Xavier Hutchinson,24,HOU,WR,16.0,3.0,0.0,0.0,0.0,12.0,9.8,26.0,12.0,117.0,0.0,0.0,23.700000000000003
Nate Adkins,25,DEN,TE,17.0,10.0,0.0,0.0,0.0,14.0,8.2,15.0,14.0,115.0,3.0,0.0,43.5
Payne Durham,24,TAM,TE,16.0,6.0,0.0,0.0,0.0,11.0,10.5,14.0,11.0,115.0,2.0,1.0,32.5
Trevor Lawrence,25,JAX,QB,14.333333333333334,14.333333333333334,52.666666666666664,-1.6666666666666667,0.0,0.0,,0.0,52.666666666666664,248.0,4.0,9.0,30.799999999999997
Julius Chestnut,24,TEN,RB,10.0,0.0,11.0,5.5,0.0,1.0,5.5,1.5,12.0,56.5,0.0,0.0,6.65
Eric Gray,25,NYG,RB,17.0,0.0,14.0,82.0,0.0,10.0,8.2,11.0,24.0,113.0,0.0,3.0,15.3
Alec Ingold,28,MIA,FB,14.8,8.8,4.6,6.0,0.4,12.2,8.52,16.0,16.8,109.0,1.0,0.4,28.3
Ashton Dulin,27,IND,WR,14.25,1.25,3.0,24.0,0.0,8.25,19.575,14.5,11.25,149.0,1.0,0.25,28.65
Andrew Ogletree,26,IND,TE,17.0,6.0,0.0,0.0,0.0,9.0,12.1,14.0,9.0,109.0,1.0,0.0,25.9
Jake Bobo,26,SEA,WR,17.0,3.0,0.0,0.0,0.0,13.0,8.2,17.0,13.0,107.0,1.0,0.0,29.700000000000003
Aaron Rodgers,41,NYJ,QB,13.555555555555555,13.333333333333334,41.05555555555556,-0.6111111111111112,0.0,0.16666666666666666,-3.6666666666666665,0.16666666666666666,41.22222222222222,197.5,1.9444444444444444,5.277777777777778,21.02777777777778
Simi Fehoko,27,LAC,WR,6.333333333333333,0.6666666666666666,0.0,0.0,0.0,3.3333333333333335,11.566666666666668,7.333333333333333,3.3333333333333335,46.333333333333336,0.3333333333333333,0.0,9.966666666666667
Mason Rudolph,29,TEN,QB,4.75,2.5,11.75,0.0,0.0,0.0,,0.0,11.75,40.25,0.25,2.25,1.0250000000000004
Jeremy Ruckert,24,NYJ,TE,16.0,7.5,0.0,0.0,0.0,17.0,7.6,25.0,17.0,128.0,0.0,0.0,29.8
Drew Sample,28,CIN,TE,13.8,9.6,0.2,-0.8,0.0,19.0,5.6,23.8,19.2,139.2,0.8,0.4,36.92
Julian Hill,24,MIA,TE,16.0,11.0,0.0,0.0,0.0,12.0,8.3,19.0,12.0,100.0,0.0,1.0,20.0
Brock Wright,26,DET,TE,16.0,7.333333333333333,0.0,0.0,0.0,14.666666666666666,8.9,18.0,14.666666666666666,135.66666666666666,2.3333333333333335,0.0,42.233333333333334
Malik Heath,24,GNB,WR,13.0,1.0,0.0,0.0,0.0,10.0,9.7,13.0,10.0,97.0,2.0,0.0,31.700000000000003
Jalen Reagor,25,LAC,WR,13.25,4.0,4.5,17.75,0.0,13.75,14.024999999999999,26.25,18.25,178.0,0.75,1.75,32.55
Eric Saubert,30,SFO,TE,10.777777777777779,2.2222222222222223,0.0,0.0,0.0,5.555555555555555,7.25,8.0,5.555555555555555,44.55555555555556,0.3333333333333333,0.1111111111111111,11.78888888888889
Mac Jones,26,JAX,QB,11.666666666666666,10.666666666666666,33.666666666666664,0.0,0.0,0.0,,0.0,33.666666666666664,96.66666666666667,0.6666666666666666,3.3333333333333335,7.000000000000001
Marcus Mariota,31,WAS,QB,9.0,6.888888888888889,37.888888888888886,2.3333333333333335,0.0,0.1111111111111111,21.0,0.2222222222222222,38.0,213.88888888888889,1.7777777777777777,3.7777777777777777,24.611111111111107
Marquise Brown,27,KAN,WR,12.0,11.0,1.0,6.0,0.0,55.2,11.28,93.8,56.2,636.2,4.2,0.8,142.42000000000002
Deuce Vaughn,23,DAL,RB,7.0,0.0,17.0,18.0,0.0,3.0,6.0,5.0,20.0,88.0,0.0,0.0,11.8
Harrison Bryant,26,LVR,TE,15.75,6.0,1.5,4.0,0.0,18.5,8.65,25.5,20.0,163.75,1.75,0.25,44.875
Tyler Badie,24,DEN,RB,3.0,0.0,11.0,-2.0,0.0,3.0,-0.7,3.0,14.0,84.0,0.0,1.0,9.4
John Bates,27,WAS,TE,16.666666666666668,5.666666666666667,0.0,0.0,0.0,13.666666666666666,8.700000000000001,21.0,13.666666666666666,114.33333333333333,0.3333333333333333,0.6666666666666666,25.76666666666667
Zay Jones,29,ARI,WR,12.777777777777779,7.555555555555555,1.0,3.0,0.0,32.77777777777778,9.933333333333334,53.111111111111114,33.77777777777778,337.6666666666667,1.7777777777777777,0.2222222222222222,76.76666666666668
Jordan Love,26,GNB,QB,12.0,10.666666666666666,25.333333333333332,0.0,0.0,0.0,,0.0,25.333333333333332,109.66666666666667,1.6666666666666667,4.333333333333333,12.300000000000002
Trent Sherfield,28,MIN,WR,16.5,1.5,0.0,0.0,0.0,11.166666666666666,11.966666666666667,20.333333333333332,11.166666666666666,133.83333333333334,0.8333333333333334,0.0,29.55
Jameis Winston,30,CLE,QB,9.88888888888889,7.888888888888889,29.88888888888889,0.0,0.0,0.0,,0.0,29.88888888888889,120.44444444444444,0.6666666666666666,6.0,4.044444444444444
Devin Duvernay,27,JAX,WR,14.0,5.5,6.75,38.0,0.25,21.25,7.725,30.25,28.0,232.0,1.5,0.75,51.95
Raheem Blackshear,25,CAR,RB,14.0,0.5,14.5,22.5,0.0,3.0,7.5,3.5,17.5,85.5,0.0,1.0,9.55
Chris Conley,32,SFO,WR,11.363636363636363,5.545454545454546,0.09090909090909091,0.2727272727272727,0.0,19.363636363636363,14.0,32.63636363636363,19.454545454545453,258.90909090909093,1.2727272727272727,0.45454545454545453,51.981818181818184
Jeff Wilson,29,MIA,RB,10.25,2.625,80.125,84.0,0.75,10.5,7.949999999999999,16.875,90.625,454.5,3.625,1.125,75.45
Michael Burton,32,DEN,FB,14.555555555555555,1.6666666666666667,4.222222222222222,17.444444444444443,0.1111111111111111,2.7777777777777777,6.0,3.3333333333333335,7.0,26.0,0.3333333333333333,0.0,7.377777777777778
Hayden Hurst,31,LAC,TE,12.666666666666666,6.833333333333333,0.0,0.0,0.0,31.666666666666668,9.6,45.166666666666664,31.666666666666668,302.0,2.3333333333333335,0.5,74.86666666666667
DeAndre Carter,31,CHI,WR,12.0,2.1,1.6,9.9,0.0,11.8,10.31111111111111,17.3,13.4,143.8,0.6,2.0,25.78
Jamison Crowder,31,WAS,WR,11.88888888888889,5.111111111111111,1.6666666666666667,8.88888888888889,0.0,42.333333333333336,10.8,64.33333333333333,44.0,486.0,3.2222222222222223,1.5555555555555556,107.15555555555557
Derek Carr,33,NOR,QB,15.3,15.3,29.8,-0.9,0.0,0.1,-9.0,0.1,29.9,85.5,0.7,8.0,-3.1500000000000004
Brandon Powell,29,MIN,WR,14.4,2.0,4.8,20.8,0.0,14.4,8.4,20.8,19.2,144.8,0.6,1.0,30.480000000000004
Clyde Edwards-Helaire,25,NOR,RB,9.25,4.75,68.25,123.0,1.5,14.0,8.7,18.25,82.25,395.0,3.5,0.5,73.5
Scott Miller,27,PIT,WR,14.0,1.4,1.2,13.0,0.2,15.4,11.84,25.4,16.6,203.8,1.2,0.0,42.980000000000004
Ben Skowronek,27,PIT,WR,13.666666666666666,4.0,1.0,8.666666666666666,0.3333333333333333,17.333333333333332,10.566666666666666,26.0,18.333333333333332,179.0,0.6666666666666666,0.0,39.233333333333334
Luke Farrell,27,JAX,TE,17.0,5.333333333333333,0.0,0.0,0.0,9.666666666666666,9.166666666666666,12.0,9.666666666666666,87.33333333333333,0.0,0.0,18.4
River Cracraft,30,MIA,WR,7.5,0.3333333333333333,0.0,0.0,0.0,5.166666666666667,10.225,7.333333333333333,5.166666666666667,55.0,0.5,0.0,13.666666666666668
Tyler Higbee,31,LAR,TE,14.0,14.0,0.125,0.125,0.0,43.75,10.375,62.875,43.875,448.0,2.875,0.25,105.30000000000001
Pharaoh Brown,30,SEA,TE,12.625,7.625,0.0,0.0,0.0,10.5,10.712499999999999,15.0,10.5,108.5,0.375,0.375,22.85
Michael Woods II,24,CLE,WR,5.0,2.0,0.0,0.0,0.0,7.0,9.3,17.0,7.0,65.0,0.0,0.0,13.5
Jared Goff,30,DET,QB,15.875,15.875,33.5,1.5,0.125,0.25,6.0,0.25,33.75,68.375,1.5,8.125,-0.16250000000000142
Jacoby Brissett,32,NWE,QB,10.5,6.375,28.625,0.25,0.0,0.125,2.0,0.125,28.75,112.0,1.75,3.875,14.075000000000003
Jalin Hyatt,23,NYG,WR,16.0,3.0,0.0,0.0,0.0,8.0,7.8,19.0,8.0,62.0,0.0,0.0,14.2
DeeJay Dallas,26,ARI,RB,16.5,0.0,21.75,74.0,0.25,11.75,5.425,13.5,33.5,176.25,0.75,1.25,31.375
Hunter Long,26,LAR,TE,10.0,1.0,0.0,0.0,0.0,2.3333333333333335,8.6,3.0,2.3333333333333335,20.0,0.0,0.0,4.333333333333334
Gardner Minshew II,28,LVR,QB,9.0,6.8,19.6,0.0,0.0,0.2,0.0,0.2,19.8,67.0,1.0,4.8,3.3000000000000007
Keaton Mitchell,22,BAL,RB,5.0,0.0,15.0,28.0,0.0,1.0,28.0,1.0,16.0,58.0,0.0,0.0,6.800000000000001
K.J. Osborn,27,WAS,WR,11.0,6.333333333333333,0.6666666666666666,2.6666666666666665,0.0,28.666666666666668,10.280000000000001,47.166666666666664,29.333333333333332,329.1666666666667,2.8333333333333335,0.3333333333333333,77.91666666666667
Odell Beckham Jr.,32,MIA,WR,11.0,9.0,1.6363636363636365,13.545454545454545,0.09090909090909091,48.0,12.872727272727273,83.0909090909091,49.63636363636363,669.8181818181819,4.818181818181818,0.8181818181818182,142.25454545454548
Tony Jones,27,ARI,RB,4.75,0.75,16.25,20.375,0.0,3.625,5.671428571428572,5.5,19.875,74.75,0.625,0.0,14.850000000000001
Dak Prescott,31,DAL,QB,13.25,13.25,45.375,1.375,0.125,0.125,11.0,0.25,45.5,208.375,3.0,6.375,26.212500000000006
Durham Smythe,29,MIA,TE,16.166666666666668,12.0,0.6666666666666666,0.6666666666666666,0.16666666666666666,21.0,8.799999999999999,27.333333333333332,21.666666666666668,197.0,0.6666666666666666,0.0,44.7
Peyton Hendershot,25,KAN,TE,7.5,1.0,0.5,0.0,0.0,4.5,9.85,6.0,5.0,44.5,0.0,0.0,8.95
Blake Whiteheart,24,CLE,TE,11.0,2.0,0.0,0.0,0.0,6.0,8.5,9.0,6.0,51.0,1.0,0.0,17.1
Mike Boone,29,CAR,RB,10.666666666666666,0.3333333333333333,17.666666666666668,30.5,0.0,4.0,6.016666666666667,5.833333333333333,21.666666666666668,121.0,0.6666666666666666,0.16666666666666666,19.76666666666667
Tay Martin,27,TEN,WR,1.0,0.0,0.0,0.0,0.0,0.5,49.0,1.0,0.5,24.5,0.5,0.0,5.95
Tua Tagovailoa,26,MIA,QB,13.5,13.25,29.25,0.0,0.0,0.0,,0.0,29.25,80.25,0.75,8.75,-4.975
Tyquan Thornton,24,NWE,WR,7.5,2.0,1.5,25.5,0.0,8.5,9.4,15.5,10.0,94.5,0.0,0.0,17.950000000000003
Kenny Yeboah,26,NYJ,TE,8.0,0.6666666666666666,0.0,0.0,0.0,2.3333333333333335,11.7,4.0,2.3333333333333335,25.0,0.3333333333333333,0.0,6.833333333333334
Charlie Woerner,27,ATL,TE,16.75,3.0,0.0,0.0,0.0,3.75,9.233333333333334,5.75,3.75,32.5,0.0,0.0,7.0
C.J. Ham,31,MIN,FB,16.285714285714285,5.714285714285714,4.571428571428571,14.428571428571429,0.42857142857142855,10.714285714285714,7.885714285714286,14.142857142857142,15.285714285714286,100.42857142857143,0.7142857142857143,0.2857142857142857,24.47142857142857
Luke Musgrave,24,GNB,TE,7.0,3.0,0.0,0.0,0.0,7.0,6.4,10.0,7.0,45.0,0.0,0.0,11.5
D'Wayne Eskridge,27,MIA,WR,6.666666666666667,0.0,1.3333333333333333,5.0,0.0,3.3333333333333335,11.5,5.666666666666667,4.666666666666667,39.0,0.0,0.0,7.233333333333334
Xavier Gipson,23,NYJ,WR,17.0,0.0,1.0,5.0,0.0,6.0,6.5,10.0,7.0,44.0,1.0,4.0,8.399999999999999
J.J. Taylor,26,HOU,RB,3.6666666666666665,0.0,13.0,5.333333333333333,0.0,2.3333333333333335,3.3333333333333335,2.6666666666666665,15.333333333333334,35.333333333333336,0.6666666666666666,0.3333333333333333,9.200000000000001
Cody White,26,SEA,WR,2.5,0.5,0.0,0.0,0.0,1.5,12.0,2.0,1.5,23.0,0.0,0.0,3.8000000000000003
Ben Sims,24,GNB,TE,17.0,5.0,0.0,0.0,0.0,4.0,10.5,5.0,4.0,42.0,0.0,0.0,8.2
Tim Jones,26,JAX,WR,17.0,1.0,0.0,0.0,0.0,7.0,10.6,11.5,7.0,62.0,0.0,0.0,13.2
Trey Lance,24,DAL,QB,3.0,1.5,13.5,0.0,0.0,0.0,,0.0,13.5,54.0,0.0,0.5,4.4
Terrace Marshall Jr.,24,LVR,WR,10.0,4.666666666666667,0.0,0.0,0.0,16.666666666666668,12.833333333333334,28.666666666666668,16.666666666666668,223.33333333333334,0.3333333333333333,1.0,39.0
Matthew Stafford,36,LAR,QB,14.133333333333333,14.133333333333333,28.066666666666666,-0.2,0.0,0.13333333333333333,-1.5,0.26666666666666666,28.2,83.0,0.8666666666666667,5.4,2.833333333333332
Connor Heyward,25,PIT,TE,17.0,6.0,0.5,0.0,0.0,14.5,7.0,21.0,15.0,103.5,0.5,0.0,27.85
MyCole Pruitt,32,PIT,TE,9.909090909090908,3.727272727272727,0.0,0.0,0.0,6.2727272727272725,9.430000000000001,8.363636363636363,6.2727272727272725,64.72727272727273,1.1818181818181819,0.09090909090909091,19.654545454545453
Austin Trammell,26,JAX,WR,8.5,0.0,0.0,0.0,0.0,3.0,13.65,5.0,3.0,34.5,0.0,2.0,2.45
Davis Allen,23,LAR,TE,15.0,5.0,0.0,0.0,0.0,6.0,6.5,13.0,6.0,39.0,0.0,0.0,9.9
Tucker Fisk,25,LAC,TE,9.0,5.0,0.0,0.0,0.0,7.0,5.6,8.0,7.0,39.0,0.0,0.0,10.9
Dan Chisena,27,CAR,WR,4.5,0.0,0.0,0.0,0.0,0.5,12.3,0.6666666666666666,0.5,6.166666666666667,0.0,0.0,1.1166666666666667
Laviska Shenault Jr.,26,LAC,WR,10.166666666666666,3.0,5.666666666666667,27.166666666666668,0.16666666666666666,18.333333333333332,8.06,25.333333333333332,24.0,197.66666666666666,0.3333333333333333,1.0,38.099999999999994
Gerald Everett,30,CHI,TE,15.428571428571429,6.857142857142857,1.5714285714285714,6.857142857142857,0.14285714285714285,39.42857142857143,9.014285714285714,57.857142857142854,41.0,381.85714285714283,2.5714285714285716,0.8571428571428571,91.32857142857144
Quintin Morris,25,BUF,TE,15.5,1.5,0.0,0.0,0.0,3.5,10.1,5.5,3.5,31.0,1.0,0.0,12.6
Desmond Ridder,25,LVR,QB,10.5,7.0,31.0,-3.0,0.0,0.5,-6.0,0.5,31.5,111.5,2.5,7.5,11.649999999999999
Treylon Burks,24,TEN,WR,8.0,5.5,3.5,9.5,0.0,10.0,11.15,19.0,13.5,137.0,0.0,0.0,23.700000000000003
Britain Covey,27,PHI,WR,5.0,1.0,0.0,0.0,0.0,7.0,4.9,8.0,7.0,34.0,0.0,0.0,10.4
Andy Dalton,37,CAR,QB,12.23076923076923,11.692307692307692,34.23076923076923,0.8461538461538461,0.07692307692307693,0.23076923076923078,3.6666666666666665,0.23076923076923078,34.46153846153846,105.38461538461539,1.6923076923076923,3.6923076923076925,13.538461538461538
Travis Homer,26,CHI,RB,11.8,0.2,14.2,83.8,0.4,8.8,8.4,10.4,23.0,156.2,0.6,0.2,27.620000000000005
Tommy DeVito,26,NYG,QB,3.0,2.0,8.0,0.0,0.0,0.0,,0.0,8.0,32.0,0.0,0.0,3.2
Jermar Jefferson,24,DET,RB,2.0,0.0,6.0,10.0,0.0,1.0,10.0,1.0,7.0,32.0,0.0,0.0,4.2
Alex Bachman,28,LVR,WR,4.5,0.5,0.5,-1.5,0.0,1.5,10.3,1.5,2.0,14.0,0.0,0.0,2.9000000000000004
DJ Chark,28,LAC,WR,10.833333333333334,8.5,0.3333333333333333,3.3333333333333335,0.0,33.666666666666664,14.766666666666666,60.166666666666664,34.0,491.0,4.0,0.3333333333333333,106.1
Parris Campbell,27,PHI,WR,8.4,4.8,1.4,14.8,0.0,21.0,9.620000000000001,31.0,22.4,212.8,1.0,0.2,47.88
Dalvin Cook,29,DAL,RB,11.222222222222221,7.777777777777778,150.0,207.77777777777777,0.5555555555555556,26.77777777777778,7.5249999999999995,34.666666666666664,176.77777777777777,884.1111111111111,5.555555555555555,2.4444444444444446,143.63333333333335
Chris Manhertz,32,NYG,TE,13.7,6.4,0.0,0.0,0.0,2.9,11.222222222222221,4.4,2.9,30.1,0.3,0.0,7.71
Aidan O'Connell,26,LVR,QB,9.0,7.0,21.0,0.0,0.0,0.0,,0.0,21.0,30.0,1.0,2.0,5.0
Allen Robinson,31,DET,WR,12.9,11.4,0.3,1.0,0.0,51.7,12.360000000000001,87.6,52.0,652.0,4.1,0.2,141.1
Will Mallory,25,IND,TE,10.0,0.0,0.0,0.0,0.0,4.0,7.3,8.0,4.0,29.0,0.0,0.0,6.9
Greg Dulcich,24,NYG,TE,5.0,1.75,0.0,0.0,0.0,3.25,6.5,7.0,3.25,20.25,0.0,0.0,5.275
David Bell,24,CLE,WR,8.0,1.5,0.0,0.0,0.0,8.5,10.45,13.0,8.5,97.0,1.5,0.0,27.200000000000003
Deven Thompkins,25,CAR,WR,12.0,0.5,5.0,31.5,0.0,10.5,4.95,14.5,15.5,83.0,0.5,1.5,18.8
Joe Flacco,39,IND,QB,11.25,10.9375,20.875,-0.6875,0.0,0.0625,-8.0,0.0625,20.9375,43.6875,0.875,5.75,-1.8187499999999996
Joshua Dobbs,29,SFO,QB,5.166666666666667,4.5,28.833333333333332,0.0,0.0,0.0,,0.0,28.833333333333332,155.0,2.3333333333333335,5.666666666666667,18.166666666666664
Marcus Jones,26,NWE,CB,14.0,9.0,1.0,5.0,0.0,1.0,18.0,1.0,2.0,23.0,0.0,2.0,-0.6999999999999997
Ronnie Bell,24,SFO,WR,9.0,0.0,0.0,0.0,0.0,2.0,11.0,6.0,2.0,22.0,0.0,0.0,4.2
Patrick Ricard,30,BAL,FB,15.0,8.714285714285714,1.4285714285714286,2.7142857142857144,0.0,6.285714285714286,7.199999999999999,8.714285714285714,7.714285714285714,46.0,0.7142857142857143,0.14285714285714285,14.885714285714284
Jonathan Ward,27,PIT,RB,6.666666666666667,0.0,4.5,8.0,0.0,1.1666666666666667,6.1000000000000005,1.6666666666666667,5.666666666666667,27.333333333333332,0.0,0.0,3.9000000000000004
Shane Zylstra,28,DET,TE,12.5,1.5,0.0,0.0,0.0,6.0,13.75,8.0,6.0,41.0,2.0,0.0,22.1
Ashtyn Davis,28,NYJ,S,16.0,3.0,1.5,0.0,0.0,0.0,,0.0,1.5,12.0,0.0,0.5,0.20000000000000018
James Proche,28,CLE,WR,12.0,0.25,0.0,0.0,0.0,6.75,9.133333333333333,11.25,6.75,71.25,0.0,0.5,12.875
Taylor Heinicke,31,LAC,QB,6.833333333333333,4.833333333333333,18.833333333333332,-0.3333333333333333,0.0,0.16666666666666666,-2.0,0.16666666666666666,19.0,100.66666666666667,0.5,2.6666666666666665,7.900000000000001
Velus Jones Jr.,27,CAR,WR,5.0,0.0,3.5,9.0,0.0,1.5,7.0,2.25,5.0,27.25,0.0,0.5,3.2249999999999996
Velus Jones Jr.,27,CAR,WR,5.0,0.0,3.5,9.0,0.0,1.5,7.0,2.25,5.0,27.25,0.0,0.5,3.2249999999999996
Velus Jones Jr.,27,CAR,WR,5.0,0.0,3.5,9.0,0.0,1.5,7.0,2.25,5.0,27.25,0.0,0.5,3.2249999999999996
Cooper Rush,31,DAL,QB,8.25,3.5,14.0,0.0,0.0,0.0,,0.0,14.0,2.75,0.0,3.0,-5.725
Kristian Wilkerson,27,LVR,WR,2.6666666666666665,0.6666666666666666,0.0,0.0,0.0,2.0,9.75,3.6666666666666665,2.0,20.0,1.0,0.0,10.0
Chris Blair,27,ATL,WR,4.0,0.0,0.0,0.0,0.0,1.0,17.0,2.0,1.0,17.0,0.0,0.0,2.7
Mason Kinsey,26,TEN,WR,6.0,0.0,0.0,0.0,0.0,1.5,7.25,1.5,1.5,11.5,0.0,0.0,2.6500000000000004
Tanner Conner,26,MIA,TE,5.5,0.5,0.0,0.0,0.0,1.5,5.3,2.0,1.5,8.0,0.0,0.0,2.3
Anthony Miller,30,BAL,WR,6.666666666666667,2.5,0.5,1.8333333333333333,0.0,19.0,8.216666666666667,31.0,19.5,203.0,1.0,0.5,44.3
Trenton Irwin,29,CIN,WR,8.0,1.8,0.2,2.2,0.0,9.2,11.0,14.4,9.4,122.4,1.0,0.4,26.64
Kenny Pickett,26,PHI,QB,8.5,6.5,25.5,0.0,0.0,0.0,,0.0,25.5,34.5,1.0,1.5,6.449999999999999
Josiah Deguara,27,JAX,TE,15.75,2.25,0.0,0.0,0.0,12.25,7.8500000000000005,14.75,12.25,109.5,0.5,0.0,26.200000000000003
Tyrod Taylor,35,NYJ,QB,7.0,4.461538461538462,31.23076923076923,0.7692307692307693,0.0,0.15384615384615385,5.0,0.23076923076923078,31.384615384615383,176.07692307692307,1.4615384615384615,2.3076923076923075,21.915384615384617
Feleipe Franks,27,CAR,TE,13.5,0.5,0.5,6.0,0.0,0.5,12.0,2.5,1.0,6.0,0.0,0.0,1.1
Isaiah Hodgins,26,NYG,WR,8.0,3.8,0.0,0.0,0.0,19.4,9.7,26.2,19.4,205.2,2.2,0.6,51.92
Davis Mills,26,HOU,QB,8.333333333333334,5.0,12.333333333333334,0.0,0.0,0.0,,0.0,12.333333333333334,42.666666666666664,0.6666666666666666,2.6666666666666665,2.9333333333333327
Trent Taylor,30,SFO,WR,10.833333333333334,0.3333333333333333,0.8333333333333334,2.1666666666666665,0.0,7.5,11.74,13.0,8.333333333333334,71.33333333333333,0.16666666666666666,0.8333333333333334,13.966666666666667
Myles Gaskin,27,MIN,RB,6.0,2.4285714285714284,46.857142857142854,94.42857142857143,0.8571428571428571,13.571428571428571,8.075,16.714285714285715,60.42857142857143,268.85714285714283,1.7142857142857142,0.5714285714285714,49.599999999999994
Jack Stoll,26,MIA,TE,11.2,5.0,0.0,0.0,0.0,4.0,7.199999999999999,5.6,4.0,36.2,0.0,0.0,7.620000000000001
Tim Boyle,30,NYG,QB,3.2857142857142856,0.7142857142857143,3.857142857142857,0.0,0.0,0.0,,0.0,3.857142857142857,3.5714285714285716,0.0,0.5714285714285714,-0.7857142857142856
Tim Boyle,30,NYG,QB,3.2857142857142856,0.7142857142857143,3.857142857142857,0.0,0.0,0.0,,0.0,3.857142857142857,3.5714285714285716,0.0,0.5714285714285714,-0.7857142857142856
Tim Boyle,30,NYG,QB,3.2857142857142856,0.7142857142857143,3.857142857142857,0.0,0.0,0.0,,0.0,3.857142857142857,3.5714285714285716,0.0,0.5714285714285714,-0.7857142857142856
Brandon Johnson,26,PIT,WR,8.0,1.0,0.0,0.0,0.0,10.0,11.95,15.5,10.0,146.5,2.0,0.0,36.65
Dan Skipper,30,DET,T,7.75,1.375,0.0,0.0,0.0,0.25,6.5,0.25,0.25,1.625,0.125,0.0,1.1625
Eric Tomlinson,32,LAC,TE,8.5,4.5,0.0,0.0,0.0,2.5,6.628571428571429,3.9166666666666665,2.5,24.166666666666668,0.25,0.0,6.416666666666667
Tristan Wirfs,25,TAM,T,15.75,15.75,0.0,0.0,0.0,0.0,,0.0,0.0,2.25,0.0,0.25,-0.275
Chris Collier,24,LVR,RB,4.0,0.0,2.5,-2.0,0.0,0.5,-4.0,1.0,3.0,4.0,0.0,0.0,0.9
Tyrion Davis-Price,24,PHI,RB,1.0,0.0,4.5,0.0,0.0,0.0,,0.0,4.5,14.0,0.0,0.0,1.4000000000000001
Reggie Gilliam,27,BUF,FB,15.75,2.25,1.5,2.5,0.0,3.0,6.433333333333334,4.0,4.5,26.25,0.25,0.0,7.125
Brevin Jordan,24,HOU,TE,9.0,3.3333333333333335,0.0,0.0,0.0,11.0,8.5,17.333333333333332,11.0,118.0,0.6666666666666666,0.0,26.8
Geoff Swaim,31,CLE,TE,11.555555555555555,7.333333333333333,0.0,0.0,0.0,12.222222222222221,8.38888888888889,15.444444444444445,12.222222222222221,94.77777777777777,0.6666666666666666,0.0,25.7
Ian Thomas,28,CAR,TE,13.833333333333334,8.0,0.0,0.0,0.0,13.833333333333334,8.183333333333332,22.666666666666668,13.833333333333334,121.5,0.3333333333333333,0.16666666666666666,27.650000000000002
Jaelon Darden,25,CLE,WR,11.25,0.5,0.5,1.0,0.0,1.5,9.5,1.5,2.0,17.0,0.0,0.0,3.2
Collin Johnson,27,CHI,WR,8.0,0.3333333333333333,0.0,0.0,0.0,4.333333333333333,8.833333333333334,8.0,4.333333333333333,40.666666666666664,0.0,0.0,8.399999999999999
John Ross,29,PHI,WR,7.0,4.0,1.6,5.8,0.0,12.6,12.6,28.6,14.2,198.4,2.2,0.4,44.84000000000001
Isaiah Williams,23,DET,WR,2.0,0.0,0.0,0.0,0.0,2.0,3.0,3.0,2.0,6.0,0.0,0.0,2.6
Mike Caliendo,27,KAN,OL,17.0,3.0,0.0,0.0,0.0,1.0,5.0,1.0,1.0,5.0,0.0,0.0,1.5
Robbie Chosen,31,MIA,WR,12.2,8.5,1.3,5.6,0.0,35.8,14.35,64.8,37.1,483.8,2.9,0.6,100.38000000000001
Ross Dwelley,29,ATL,TE,15.0,2.8333333333333335,0.0,0.0,0.0,7.166666666666667,13.966666666666667,9.833333333333334,7.166666666666667,84.83333333333333,0.8333333333333334,0.0,20.65
Jody Fortson,29,KAN,TE,8.0,0.5,0.0,0.0,0.0,5.0,8.5,8.0,5.0,56.5,1.0,0.5,15.649999999999999
Jimmy Garoppolo,33,LAR,QB,7.6,6.4,17.7,-0.3,0.0,0.2,-1.5,0.2,17.9,25.7,0.7,3.1,0.7699999999999996
Charlie Jones,26,CIN,WR,8.0,0.0,0.0,0.0,0.0,1.0,5.0,1.0,1.0,5.0,0.0,2.0,-2.5
Tyler Scott,23,CHI,WR,11.0,0.0,0.0,0.0,0.0,1.0,5.0,1.0,1.0,5.0,0.0,0.0,1.5
Jarrett Stidham,28,DEN,QB,4.0,1.0,8.5,0.0,0.0,0.0,,0.0,8.5,26.0,0.0,1.0,0.6000000000000001
Brandon Allen,32,SFO,QB,3.75,1.75,6.5,0.0,0.0,0.0,,0.25,6.5,7.25,0.0,1.0,-1.275
Vederian Lowe,25,NWE,T,12.5,10.5,0.0,0.0,0.0,0.5,4.0,0.5,0.5,2.0,0.5,0.0,3.7
Skylar Thompson,27,MIA,QB,3.0,1.0,1.0,0.0,0.0,0.0,,0.0,1.0,4.0,0.0,2.0,-3.6
Ke'Shawn Vaughn,27,SFO,RB,9.0,0.25,19.75,11.75,0.0,2.25,4.6000000000000005,4.25,22.0,81.5,0.5,0.0,13.4
Darrynton Evans,26,CHI,RB,4.333333333333333,0.0,13.833333333333334,23.666666666666668,0.0,2.8333333333333335,13.125,4.5,16.666666666666668,76.33333333333333,0.3333333333333333,0.0,12.466666666666667
Jake Brendel,32,SFO,OL,14.5,9.0,0.0,0.0,0.0,0.0,,0.0,0.0,0.3333333333333333,0.0,0.3333333333333333,-0.6333333333333333
John FitzPatrick,24,GNB,TE,9.0,0.0,0.0,0.0,0.0,1.0,2.0,1.0,1.0,2.0,0.0,0.0,1.2
Sam Howell,24,SEA,QB,9.5,8.5,24.5,2.0,0.0,0.5,4.0,0.5,25.0,134.5,2.5,2.0,24.950000000000003
Sam Hubbard,29,CIN,DE,14.0,14.0,0.0,0.0,0.0,1.0,2.0,1.0,1.0,2.0,1.0,0.0,7.2
Joshua Kelley,27,TEN,RB,10.75,1.0,52.5,42.75,0.0,6.75,6.266666666666667,10.75,59.25,241.75,1.0,0.5,35.925
Marcedes Lewis,40,CHI,TE,15.0,12.555555555555555,0.0,0.0,0.0,23.555555555555557,11.022222222222222,39.77777777777778,23.555555555555557,277.1666666666667,2.1666666666666665,0.2777777777777778,63.71666666666667
Bailey Zappe,25,CLE,QB,5.5,3.5,9.5,0.0,0.0,0.0,,0.0,9.5,42.5,0.5,1.0,5.25
Josh Johnson,38,BAL,QB,4.666666666666667,0.6666666666666666,7.666666666666667,0.0,0.0,0.0,,0.3333333333333333,7.666666666666667,34.0,0.1111111111111111,0.8888888888888888,2.2888888888888896
Wanya Morris,24,KAN,OL,17.0,11.0,0.0,0.0,0.0,1.0,1.0,1.0,1.0,1.0,1.0,0.0,7.1
Jalen Reeves-Maybin,29,DET,LB,10.0,0.0,1.0,0.0,0.0,0.0,,0.0,1.0,1.0,0.0,0.0,0.1
Trenton Scott,30,WAS,T,13.166666666666666,3.6666666666666665,0.0,0.0,0.0,0.16666666666666666,1.0,0.16666666666666666,0.16666666666666666,0.16666666666666666,0.16666666666666666,0.0,1.1833333333333333
Mitchell Trubisky,30,BUF,QB,9.428571428571429,6.428571428571429,30.571428571428573,0.0,0.0,0.0,,0.0,30.571428571428573,132.28571428571428,1.5714285714285714,2.7142857142857144,17.228571428571428
Brenden Bates,25,CLE,TE,3.5,0.0,0.0,0.0,0.0,0.0,,0.5,0.0,0.0,0.0,0.0,0.0
Andrew Beck,28,HOU,FB,8.285714285714286,2.2857142857142856,1.0,0.42857142857142855,0.14285714285714285,2.2857142857142856,9.4,4.0,3.2857142857142856,18.142857142857142,0.42857142857142855,0.14285714285714285,6.385714285714285
Andrew Beck,28,HOU,FB,8.285714285714286,2.2857142857142856,1.0,0.42857142857142855,0.14285714285714285,2.2857142857142856,9.4,4.0,3.2857142857142856,18.142857142857142,0.42857142857142855,0.14285714285714285,6.385714285714285
Andrew Beck,28,HOU,FB,8.285714285714286,2.2857142857142856,1.0,0.42857142857142855,0.14285714285714285,2.2857142857142856,9.4,4.0,3.2857142857142856,18.142857142857142,0.42857142857142855,0.14285714285714285,6.385714285714285
Braxton Berrios,29,MIA,WR,14.2,1.2,4.0,34.2,0.8,25.6,9.225000000000001,37.8,29.6,275.8,2.0,0.6,63.980000000000004
Irvin Charles,27,NYJ,WR,13.0,0.0,0.0,0.0,0.0,0.0,,1.0,0.0,0.0,0.0,0.0,0.0
Kirk Cousins,36,ATL,QB,13.416666666666666,13.166666666666666,27.0,-0.08333333333333333,0.0,0.08333333333333333,-1.0,0.16666666666666666,27.083333333333332,77.91666666666667,1.5833333333333333,8.583333333333334,0.20833333333333215
Taylor Decker,31,DET,T,13.75,13.75,0.0,0.0,0.0,0.375,6.5,0.5,0.375,1.875,0.25,0.0,2.0625
Erik Ezukanma,24,MIA,WR,2.0,0.0,2.5,0.0,0.0,0.0,,1.5,2.5,11.0,0.0,0.0,1.1
C.J. Goodwin,34,DAL,CB,17.0,0.0,0.0,0.0,0.0,0.0,,1.0,0.0,0.0,0.0,0.0,0.0
Tom Kennedy,28,DET,WR,7.666666666666667,0.3333333333333333,0.0,0.0,0.0,4.666666666666667,13.3,8.666666666666666,4.666666666666667,65.0,0.0,0.0,11.166666666666668
Jordan Matthews,32,CAR,TE,6.181818181818182,3.4545454545454546,0.0,0.0,0.0,19.181818181818183,10.933333333333332,30.181818181818183,19.181818181818183,222.63636363636363,1.2727272727272727,0.36363636363636365,48.354545454545466
Skyy Moore,24,KAN,WR,10.0,4.0,1.5,11.5,0.0,10.5,11.6,20.5,12.0,133.5,0.5,0.0,26.85
Adam Prentice,27,NOR,FB,13.666666666666666,3.3333333333333335,2.0,7.0,0.0,1.6666666666666667,4.5,3.3333333333333335,3.6666666666666665,14.0,0.0,0.6666666666666666,1.7333333333333336
Justyn Ross,25,KAN,WR,2.0,0.0,0.0,0.0,0.0,0.0,,1.0,0.0,0.0,0.0,0.0,0.0
Steven Sims,27,BAL,WR,6.571428571428571,0.5714285714285714,2.4285714285714284,12.714285714285714,0.0,6.285714285714286,8.500000000000002,9.0,8.714285714285714,69.0,0.14285714285714285,1.5714285714285714,10.900000000000002
Tyler Smith,23,DAL,OL,15.0,15.0,0.0,0.0,0.0,0.5,0.0,0.5,0.5,0.0,0.0,0.0,0.5
Stephen Sullivan,28,CAR,TE,7.25,0.0,0.0,0.0,0.0,3.5,16.7,8.0,3.5,42.75,0.0,0.0,7.775
Carson Wentz,32,KAN,QB,10.25,9.75,38.875,0.5,0.0,0.125,4.0,0.125,39.0,159.0,1.125,7.25,8.274999999999999
Dareke Young,25,SEA,WR,10.0,0.0,0.0,0.0,0.0,0.0,,0.5,0.0,0.0,0.0,0.0,0.0
Jake Browning,28,CIN,QB,3.0,0.0,2.0,0.0,0.0,0.0,,0.0,2.0,-2.0,0.0,0.0,-0.2
Nick Mullens,29,MIN,QB,4.8,2.2,5.8,0.0,0.0,0.0,,0.0,5.8,7.2,0.0,1.6,-2.48
Kadarius Toney,25,CLE,WR,6.8,2.0,5.4,38.2,0.4,11.8,7.3,15.8,17.2,140.4,1.4,0.8,32.64
Kyle Trask,26,TAM,QB,4.0,0.0,5.0,0.0,0.0,0.0,,0.0,5.0,-4.0,0.0,0.0,-0.4
Clayton Tune,25,ARI,QB,6.0,0.0,7.0,0.0,0.0,0.0,,0.0,7.0,-4.0,0.0,1.0,-2.4
Tyson Bagent,24,CHI,QB,4.0,0.0,6.0,0.0,0.0,0.0,,0.0,6.0,-7.0,0.0,0.0,-0.7000000000000001
Saquon Barkley,27,PHI,RB,12.333333333333334,12.333333333333334,214.16666666666666,276.1666666666667,1.6666666666666667,38.333333333333336,7.649999999999999,53.0,252.5,1261.0,7.833333333333333,1.3333333333333333,208.76666666666668
James Cook,25,BUF,RB,16.5,14.5,222.0,351.5,3.0,38.0,9.1,46.0,260.0,1417.0,12.0,2.5,246.70000000000002
Derrick Henry,30,BAL,RB,15.125,12.875,280.625,189.25,0.625,20.125,9.3625,26.125,300.75,1555.875,13.25,2.5,250.2125
Dyami Brown,25,WAS,WR,16.0,1.3333333333333333,1.6666666666666667,13.666666666666666,0.0,15.666666666666666,17.633333333333336,25.666666666666668,17.333333333333332,220.0,1.3333333333333333,0.3333333333333333,45.0
Dallas Goedert,29,PHI,TE,12.833333333333334,11.333333333333334,0.16666666666666666,0.16666666666666666,0.0,52.666666666666664,11.883333333333333,72.0,52.833333333333336,625.3333333333334,3.3333333333333335,1.0,133.2
Terry McLaurin,29,WAS,WR,16.6,16.6,2.4,14.6,0.0,80.4,13.64,126.6,82.8,1106.6,6.2,0.6,227.06
Joe Mixon,28,HOU,RB,13.857142857142858,13.571428571428571,234.0,308.7142857142857,2.0,41.285714285714285,7.485714285714287,52.142857142857146,275.2857142857143,1280.4285714285713,10.0,0.42857142857142855,228.47142857142856
Nico Collins,25,HOU,WR,12.333333333333334,9.666666666666666,0.3333333333333333,2.3333333333333335,0.0,61.666666666666664,14.666666666666666,91.33333333333333,62.0,930.3333333333334,5.666666666666667,0.3333333333333333,188.03333333333336
Kyren Williams,24,LAR,RB,14.0,13.5,272.0,194.0,2.5,33.0,5.9,44.0,305.0,1415.5,15.5,4.0,259.55
Jalen Hurts,26,PHI,QB,15.5,15.5,152.75,0.0,0.0,0.0,,0.25,152.75,694.75,13.0,9.0,129.47500000000002
DeVonta Smith,26,PHI,WR,15.333333333333334,15.333333333333334,0.3333333333333333,0.3333333333333333,0.0,81.33333333333333,12.699999999999998,112.33333333333333,81.66666666666667,1032.0,7.333333333333333,0.6666666666666666,227.2
Jahmyr Gibbs,22,DET,RB,17.0,4.0,250.0,517.0,4.0,52.0,9.9,63.0,302.0,1929.0,20.0,1.0,362.9
Travis Kelce,35,KAN,TE,15.818181818181818,15.272727272727273,0.8181818181818182,1.3636363636363635,0.18181818181818182,91.27272727272727,12.136363636363637,127.27272727272727,92.0909090909091,1106.0,7.181818181818182,1.3636363636363635,242.23636363636365
Khalil Shakir,24,BUF,WR,16.0,9.5,1.5,7.0,0.0,57.5,13.25,72.5,59.0,723.0,3.0,1.0,145.8
Austin Ekeler,29,WAS,RB,14.142857142857142,10.571428571428571,145.71428571428572,567.2857142857143,3.857142857142857,64.0,9.085714285714287,80.28571428571429,209.71428571428572,1204.7142857142858,9.714285714285714,3.142857142857143,236.4714285714286
A.J. Brown,27,PHI,WR,14.8,14.2,0.4,2.0,0.0,78.8,15.2,122.2,79.2,1197.0,8.2,1.2,245.29999999999998
Zach Ertz,34,WAS,TE,13.0,10.846153846153847,0.15384615384615385,0.6153846153846154,0.0,62.53846153846154,10.099999999999998,92.84615384615384,62.69230769230769,645.3846153846154,4.153846153846154,0.46153846153846156,151.07692307692307
Brian Robinson Jr.,25,WAS,RB,14.5,14.0,182.5,263.5,2.0,28.0,9.1,34.0,210.5,1029.5,8.5,3.0,175.95
Puka Nacua,23,LAR,WR,11.0,11.0,11.0,46.0,1.0,79.0,12.5,106.0,90.0,1036.0,4.0,0.0,206.60000000000002
Amon-Ra St. Brown,25,DET,WR,16.333333333333332,16.333333333333332,5.0,41.666666666666664,0.0,113.33333333333333,11.566666666666668,150.33333333333334,118.33333333333333,1354.6666666666667,9.333333333333334,0.6666666666666666,303.4666666666667
Kareem Hunt,29,KAN,RB,12.571428571428571,4.285714285714286,136.85714285714286,230.14285714285714,2.0,28.0,8.200000000000001,36.285714285714285,164.85714285714286,778.2857142857143,7.571428571428571,0.5714285714285714,150.11428571428573
Ty Johnson,27,BUF,RB,12.285714285714286,1.0,38.57142857142857,143.42857142857142,1.1428571428571428,14.714285714285714,9.216666666666667,21.857142857142858,53.285714285714285,322.14285714285717,2.0,0.42857142857142855,58.07142857142858
Isaiah Likely,24,BAL,TE,16.5,8.5,0.0,0.0,0.0,36.0,12.55,49.0,36.0,444.0,5.5,0.5,112.4
Josh Jacobs,26,GNB,RB,15.4,15.2,272.8,324.8,0.2,42.6,7.720000000000001,54.0,315.4,1469.6,11.0,2.8,249.96
Lamar Jackson,27,BAL,QB,14.5,14.5,144.5,0.0,0.0,0.0,,0.0,144.5,913.0,4.666666666666667,8.5,102.30000000000001
Tyler Higbee,31,LAR,TE,14.0,14.0,0.125,0.125,0.0,43.75,10.375,62.875,43.875,448.0,2.875,0.25,105.30000000000001
Josh Allen,28,BUF,QB,16.5,16.5,111.66666666666667,3.1666666666666665,0.3333333333333333,0.16666666666666666,12.0,0.16666666666666666,111.83333333333333,588.3333333333334,9.833333333333334,9.333333333333334,99.33333333333333
Mack Hollins,31,BUF,WR,14.0,5.375,0.5,5.0,0.0,19.5,12.871428571428572,34.125,20.0,251.0,1.75,0.125,54.85
Demarcus Robinson,30,LAR,WR,16.375,8.5,0.125,2.875,0.0,31.25,12.2875,50.625,31.375,379.5,3.375,0.75,87.95
Mark Andrews,29,BAL,TE,14.666666666666666,8.666666666666666,1.5,2.1666666666666665,0.0,67.0,12.333333333333334,97.0,68.5,831.8333333333334,8.0,1.1666666666666667,195.85
Mike Evans,31,TAM,WR,15.3,15.2,0.1,1.0,0.0,76.8,15.169999999999998,130.9,76.9,1164.3,9.3,0.4,248.23000000000002
Rashod Bateman,25,BAL,WR,13.0,10.333333333333334,0.3333333333333333,6.0,0.0,30.666666666666668,15.766666666666666,52.0,31.0,475.3333333333333,4.0,0.3333333333333333,101.53333333333333
Cooper Kupp,31,LAR,WR,12.714285714285714,11.857142857142858,3.7142857142857144,19.857142857142858,0.14285714285714285,81.71428571428571,12.071428571428571,113.85714285714286,85.42857142857143,1006.5714285714286,7.571428571428571,1.0,225.8
George Pickens,23,PIT,WR,15.5,14.0,2.5,6.0,0.0,61.0,16.700000000000003,104.5,63.5,1026.0,4.0,2.0,183.60000000000002
Xavier Hutchinson,24,HOU,WR,16.0,3.0,0.0,0.0,0.0,12.0,9.8,26.0,12.0,117.0,0.0,0.0,23.700000000000003
Dalton Schultz,28,HOU,TE,16.0,10.833333333333334,0.0,0.0,0.0,51.833333333333336,9.516666666666667,76.16666666666667,51.833333333333336,528.8333333333334,4.0,0.5,127.71666666666667
C.J. Stroud,23,HOU,QB,17.0,17.0,52.0,0.0,0.0,0.0,,1.0,52.0,233.0,0.0,6.0,11.3
Justice Hill,27,BAL,RB,14.5,1.25,48.0,166.75,1.0,21.75,6.325000000000001,26.75,69.75,401.0,2.0,0.75,72.35
Patrick Mahomes,29,KAN,QB,15.857142857142858,15.857142857142858,60.714285714285715,1.1428571428571428,0.0,0.2857142857142857,4.0,0.5714285714285714,61.0,320.14285714285717,2.0,5.428571428571429,33.44285714285715
Curtis Samuel,28,BUF,WR,13.714285714285714,8.0,17.428571428571427,95.0,1.0,47.57142857142857,9.757142857142856,72.14285714285714,65.0,598.0,4.285714285714286,0.42857142857142855,132.22857142857143
Jameson Williams,23,DET,WR,13.5,10.5,7.0,45.0,1.0,41.0,16.05,66.5,48.0,722.5,5.5,0.5,145.25
JuJu Smith-Schuster,28,KAN,WR,12.857142857142858,10.428571428571429,0.5714285714285714,3.142857142857143,0.14285714285714285,55.714285714285715,10.985714285714284,80.85714285714286,56.285714285714285,626.2857142857143,3.7142857142857144,1.1428571428571428,138.34285714285716
Courtland Sutton,29,DEN,WR,13.666666666666666,12.166666666666666,0.6666666666666666,3.6666666666666665,0.0,56.166666666666664,15.033333333333331,93.66666666666667,56.833333333333336,776.3333333333334,4.666666666666667,1.0,159.8
Dalton Kincaid,25,BUF,TE,13.0,9.0,0.0,0.0,0.0,44.0,10.2,75.0,44.0,448.0,2.0,1.0,98.80000000000001
Kenneth Gainwell,25,PHI,RB,16.666666666666668,1.0,70.66666666666667,156.0,0.0,23.0,6.8999999999999995,29.333333333333332,93.66666666666667,454.0,2.3333333333333335,1.0,80.4
T.J. Hockenson,27,MIN,TE,12.428571428571429,10.857142857142858,0.14285714285714285,0.0,0.0,62.285714285714285,10.87142857142857,90.28571428571429,62.42857142857143,649.8571428571429,3.857142857142857,0.5714285714285714,149.27142857142857
John Metchie,24,HOU,WR,13.0,3.0,0.0,0.0,0.0,24.0,10.6,37.0,24.0,254.0,1.0,1.0,53.400000000000006
Aaron Jones,30,MIN,RB,14.571428571428571,14.0,193.0,351.7142857142857,2.857142857142857,44.857142857142854,7.885714285714286,58.285714285714285,237.85714285714286,1298.857142857143,9.428571428571429,2.857142857142857,225.60000000000002
Najee Harris,26,PIT,RB,17.0,17.0,263.3333333333333,227.33333333333334,1.0,35.333333333333336,6.466666666666666,46.333333333333336,298.6666666666667,1264.6666666666667,8.0,1.6666666666666667,206.46666666666667
Justin Jefferson,25,MIN,WR,15.25,15.0,3.0,7.25,0.25,101.75,14.950000000000001,151.25,104.75,1515.25,8.5,0.75,302.775
Isiah Pacheco,25,KAN,RB,10.5,9.5,144.0,161.5,1.0,28.0,6.05,32.5,172.0,784.0,5.0,0.5,135.4
Jahan Dotson,24,PHI,WR,17.0,11.0,0.5,6.5,0.0,34.0,11.0,58.0,34.5,373.5,2.0,0.0,83.35
Sam LaPorta,23,DET,TE,16.0,16.0,0.0,0.0,0.0,60.0,12.1,83.0,60.0,726.0,7.0,0.0,174.60000000000002
Marquise Brown,27,KAN,WR,12.0,11.0,1.0,6.0,0.0,55.2,11.28,93.8,56.2,636.2,4.2,0.8,142.42000000000002
Tylan Wallace,25,BAL,WR,12.333333333333334,0.0,0.0,0.0,0.0,5.333333333333333,12.266666666666666,7.0,5.333333333333333,79.0,0.3333333333333333,0.3333333333333333,14.566666666666668
Jayden Reed,24,GNB,WR,17.0,10.0,20.0,163.0,1.0,55.0,15.6,75.0,75.0,1020.0,7.0,3.0,193.0
Dawson Knox,28,BUF,TE,14.0,12.0,0.0,0.8,0.0,33.0,11.48,49.8,33.0,378.6,4.2,0.4,95.26000000000002
Olamide Zaccheaus,27,WAS,WR,15.8,6.0,1.0,3.4,0.0,29.2,13.539999999999997,46.0,30.2,380.0,2.4,0.8,80.0
Javonte Williams,24,DEN,RB,12.333333333333334,9.333333333333334,134.33333333333334,216.66666666666666,0.6666666666666666,38.333333333333336,5.466666666666666,50.0,172.66666666666666,713.6666666666666,3.0,1.3333333333333333,125.03333333333332
Amari Cooper,30,BUF,WR,12.846153846153847,11.76923076923077,1.0,4.923076923076923,0.0,58.30769230769231,13.676923076923078,94.23076923076923,59.30769230769231,813.7692307692307,5.3076923076923075,0.7692307692307693,169.99230769230766
Cam Akers,25,MIN,RB,8.0,1.875,65.125,50.375,0.75,8.25,5.6000000000000005,10.125,73.375,301.75,2.625,0.5,53.175
Dontayvion Wicks,23,GNB,WR,17.0,5.0,0.0,0.0,0.0,39.0,10.6,76.0,39.0,415.0,5.0,0.0,110.5
Van Jefferson,28,PIT,WR,13.166666666666666,9.333333333333334,0.6666666666666666,4.666666666666667,0.0,23.0,12.549999999999999,43.166666666666664,23.666666666666668,315.5,1.8333333333333333,0.0,65.55
Kalif Raymond,30,DET,WR,11.222222222222221,3.3333333333333335,2.6666666666666665,14.333333333333334,0.0,18.555555555555557,14.425,25.555555555555557,21.22222222222222,267.3333333333333,0.8888888888888888,1.6666666666666667,47.28888888888889
Mike Williams,30,PIT,WR,12.666666666666666,7.888888888888889,1.1111111111111112,3.7777777777777777,0.1111111111111111,37.77777777777778,15.188888888888888,61.888888888888886,38.888888888888886,593.4444444444445,3.7777777777777777,0.0,119.78888888888889
Tucker Kraft,24,GNB,TE,17.0,17.0,3.0,6.0,0.0,50.0,14.1,70.0,53.0,713.0,7.0,1.0,161.3
Jalen Nailor,25,MIN,WR,11.5,4.0,1.5,-2.0,0.0,15.5,12.25,24.0,17.0,219.5,3.0,0.5,54.45
Cade Otton,25,TAM,TE,15.5,15.5,0.5,-2.0,0.0,53.0,9.95,77.0,53.5,525.5,4.0,1.5,126.55000000000001
John Bates,27,WAS,TE,16.666666666666668,5.666666666666667,0.0,0.0,0.0,13.666666666666666,8.700000000000001,21.0,13.666666666666666,114.33333333333333,0.3333333333333333,0.6666666666666666,25.76666666666667
Jordan Addison,22,MIN,WR,15.0,15.0,3.0,20.0,1.0,63.0,13.9,99.0,66.0,895.0,10.0,0.0,212.5
Jamison Crowder,31,WAS,WR,11.88888888888889,5.111111111111111,1.6666666666666667,8.88888888888889,0.0,42.333333333333336,10.8,64.33333333333333,44.0,486.0,3.2222222222222223,1.5555555555555556,107.15555555555557
DeAndre Hopkins,32,KAN,WR,13.692307692307692,12.384615384615385,0.46153846153846156,1.6153846153846154,0.0,76.0,12.715384615384616,121.07692307692308,76.46153846153847,984.1538461538462,6.615384615384615,1.0,212.10769230769233
Emanuel Wilson,25,GNB,RB,17.0,0.0,103.0,48.0,1.0,11.0,4.4,14.0,114.0,550.0,5.0,0.0,96.0
Anthony Miller,30,BAL,WR,6.666666666666667,2.5,0.5,1.8333333333333333,0.0,19.0,8.216666666666667,31.0,19.5,203.0,1.0,0.5,44.3
David Montgomery,27,DET,RB,14.4,14.2,215.4,302.6,0.6,36.4,8.280000000000001,44.2,251.8,1204.6,9.6,1.6,211.26
Johnny Mundt,30,MIN,TE,13.714285714285714,2.5714285714285716,0.0,0.0,0.0,9.285714285714286,8.4,12.0,9.285714285714286,78.14285714285714,0.5714285714285714,0.0,20.52857142857143
J.K. Dobbins,26,LAC,RB,7.333333333333333,6.666666666666667,98.33333333333333,70.0,0.3333333333333333,13.666666666666666,6.1000000000000005,16.333333333333332,112.0,552.3333333333334,4.333333333333333,0.0,94.9
Nelson Agholor,31,BAL,WR,15.11111111111111,10.333333333333334,1.5555555555555556,7.888888888888889,0.0,40.666666666666664,12.655555555555557,67.0,42.22222222222222,516.2222222222222,4.0,0.7777777777777778,114.73333333333333
Calvin Austin III,25,PIT,WR,17.0,8.0,0.0,0.0,0.0,36.0,15.2,58.0,36.0,548.0,4.0,1.0,112.80000000000001
Samaje Perine,29,KAN,RB,11.222222222222221,0.4444444444444444,33.77777777777778,147.88888888888889,0.6666666666666666,17.444444444444443,7.2,21.0,51.22222222222222,296.22222222222223,1.5555555555555556,0.3333333333333333,55.733333333333334
Dameon Pierce,24,HOU,RB,12.5,3.5,92.5,51.5,0.0,7.5,4.4,10.5,100.0,406.0,2.0,0.5,59.1
Jaylen Warren,26,PIT,RB,16.0,0.0,134.5,340.0,0.0,49.5,7.1499999999999995,60.5,184.0,987.5,2.5,3.0,157.25
Baker Mayfield,29,TAM,QB,13.0,12.5,37.875,2.125,0.0,0.125,6.0,0.125,38.0,147.0,1.375,7.375,8.325000000000003
Gus Edwards,29,LAC,RB,13.8,5.2,132.6,72.0,0.0,6.2,9.425,8.0,138.8,680.4,5.6,1.4,105.04
Colby Parkinson,25,LAR,TE,16.25,3.25,0.0,0.0,0.0,21.25,9.8,31.25,21.25,224.0,1.25,0.0,51.150000000000006
Tim Patrick,31,DET,WR,13.75,10.5,0.0,0.0,0.0,38.25,13.450000000000001,59.75,38.25,522.0,3.5,0.0,111.45
Robert Woods,32,HOU,WR,14.272727272727273,11.909090909090908,6.636363636363637,45.27272727272727,0.45454545454545453,58.45454545454545,11.70909090909091,91.63636363636364,65.0909090909091,740.3636363636364,3.6363636363636362,0.9090909090909091,152.4909090909091
Sam Darnold,27,MIN,QB,11.666666666666666,10.0,38.666666666666664,0.0,0.0,0.0,,0.0,38.666666666666664,139.0,2.1666666666666665,6.833333333333333,13.233333333333333
Steven Sims,27,BAL,WR,6.571428571428571,0.5714285714285714,2.4285714285714284,12.714285714285714,0.0,6.285714285714286,8.500000000000002,9.0,8.714285714285714,69.0,0.14285714285714285,1.5714285714285714,10.900000000000002
Tutu Atwell,25,LAR,WR,15.333333333333334,7.666666666666667,5.333333333333333,24.0,0.3333333333333333,33.0,14.133333333333333,54.666666666666664,38.333333333333336,471.6666666666667,1.6666666666666667,0.0,90.16666666666667
Will Dissly,28,LAC,TE,13.833333333333334,11.5,0.16666666666666666,1.1666666666666667,0.0,28.166666666666668,10.483333333333334,34.333333333333336,28.333333333333332,292.1666666666667,2.1666666666666665,0.3333333333333333,69.71666666666667
Bo Melton,25,GNB,WR,17.0,0.0,8.0,54.0,0.0,8.0,11.4,17.0,16.0,145.0,0.0,0.0,22.5
Tucker Fisk,25,LAC,TE,9.0,5.0,0.0,0.0,0.0,7.0,5.6,8.0,7.0,39.0,0.0,0.0,10.9
Pat Freiermuth,26,PIT,TE,15.0,9.333333333333334,0.0,0.0,0.0,53.333333333333336,10.4,74.33333333333333,53.333333333333336,564.3333333333334,3.6666666666666665,1.0,129.76666666666668
Noah Gray,25,KAN,TE,17.0,9.333333333333334,1.0,-0.6666666666666666,0.3333333333333333,32.0,10.833333333333334,41.333333333333336,33.0,346.3333333333333,3.0,0.0,84.63333333333333
Rachaad White,25,TAM,RB,16.5,16.0,208.0,471.0,4.5,57.5,8.15,63.5,265.5,1272.5,9.0,3.0,232.75
Dare Ogunbowale,30,HOU,RB,13.571428571428571,1.2857142857142858,23.714285714285715,110.57142857142857,0.2857142857142857,14.142857142857142,7.833333333333332,21.142857142857142,37.857142857142854,191.85714285714286,0.8571428571428571,0.2857142857142857,37.900000000000006
Davis Allen,23,LAR,TE,15.0,5.0,0.0,0.0,0.0,6.0,6.5,13.0,6.0,39.0,0.0,0.0,9.9
Romeo Doubs,24,GNB,WR,15.0,14.0,0.0,0.0,0.0,52.5,12.25,84.0,52.5,637.5,6.0,0.5,151.25
Hunter Long,26,LAR,TE,10.0,1.0,0.0,0.0,0.0,2.3333333333333335,8.6,3.0,2.3333333333333335,20.0,0.0,0.0,4.333333333333334
Marvin Mims,22,DEN,WR,17.0,2.0,13.0,42.0,0.0,39.0,12.9,52.0,52.0,545.0,6.0,1.0,127.5
Diontae Johnson,28,HOU,WR,10.625,8.875,2.375,13.125,0.0,49.75,10.1375,85.125,52.125,567.25,3.25,0.75,124.475
DJ Chark,28,LAC,WR,10.833333333333334,8.5,0.3333333333333333,3.3333333333333335,0.0,33.666666666666664,14.766666666666666,60.166666666666664,34.0,491.0,4.0,0.3333333333333333,106.1
Jordan Love,26,GNB,QB,12.0,10.666666666666666,25.333333333333332,0.0,0.0,0.0,,0.0,25.333333333333332,109.66666666666667,1.6666666666666667,4.333333333333333,12.300000000000002
Chris Brooks,24,GNB,RB,15.0,0.0,36.0,69.0,0.0,11.0,6.3,13.0,47.0,252.0,1.0,0.0,42.2
Jeremy McNichols,29,WAS,RB,8.666666666666666,0.16666666666666666,24.166666666666668,53.666666666666664,0.16666666666666666,8.166666666666666,5.3999999999999995,11.166666666666666,32.333333333333336,157.83333333333334,1.0,0.0,29.950000000000003
Darnell Washington,23,PIT,TE,17.0,9.0,0.0,0.0,0.0,19.0,10.5,25.0,19.0,200.0,1.0,0.0,45.0
Tyler Badie,24,DEN,RB,3.0,0.0,11.0,-2.0,0.0,3.0,-0.7,3.0,14.0,84.0,0.0,1.0,9.4
C.J. Ham,31,MIN,FB,16.285714285714285,5.714285714285714,4.571428571428571,14.428571428571429,0.42857142857142855,10.714285714285714,7.885714285714286,14.142857142857142,15.285714285714286,100.42857142857143,0.7142857142857143,0.2857142857142857,24.47142857142857
Ronnie Rivers,25,LAR,RB,13.0,0.5,27.0,28.0,0.0,5.0,5.6,5.5,32.0,142.0,0.0,0.0,19.200000000000003
Trent Sherfield,28,MIN,WR,16.5,1.5,0.0,0.0,0.0,11.166666666666666,11.966666666666667,20.333333333333332,11.166666666666666,133.83333333333334,0.8333333333333334,0.0,29.55
Jared Goff,30,DET,QB,15.875,15.875,33.5,1.5,0.125,0.25,6.0,0.25,33.75,68.375,1.5,8.125,-0.16250000000000142
Russell Wilson,36,PIT,QB,15.25,15.25,77.5,1.75,0.08333333333333333,0.4166666666666667,3.5,0.4166666666666667,77.91666666666667,416.1666666666667,2.3333333333333335,8.5,39.03333333333334
Hassan Haskins,25,LAC,RB,17.0,0.0,34.0,49.0,1.0,3.0,16.3,3.0,37.0,138.0,3.0,1.0,32.8
Josh Oliver,27,MIN,TE,15.75,9.0,0.0,0.0,0.0,16.75,9.825,24.0,16.75,171.5,1.75,0.5,43.400000000000006
Grant Calcaterra,26,PHI,TE,16.0,7.0,0.0,0.0,0.0,14.0,11.100000000000001,17.0,14.0,168.5,0.5,0.0,33.85
Matthew Stafford,36,LAR,QB,14.133333333333333,14.133333333333333,28.066666666666666,-0.2,0.0,0.13333333333333333,-1.5,0.26666666666666666,28.2,83.0,0.8666666666666667,5.4,2.833333333333332
Lucas Krull,26,DEN,TE,10.0,2.0,0.0,0.0,0.0,13.5,9.95,18.5,13.5,123.5,0.5,0.0,28.85
Irv Smith Jr.,26,HOU,TE,9.5,3.75,0.0,0.0,0.0,18.25,8.633333333333333,26.25,18.25,165.5,2.0,0.5,45.8
Adam Trautman,27,DEN,TE,15.5,12.0,0.0,0.0,0.0,20.0,11.25,30.5,20.0,215.5,2.0,0.25,53.05
Derius Davis,24,LAC,WR,15.0,2.0,12.0,39.0,0.0,13.0,8.6,17.0,25.0,151.0,2.0,3.0,34.1
Marcus Mariota,31,WAS,QB,9.0,6.888888888888889,37.888888888888886,2.3333333333333335,0.0,0.1111111111111111,21.0,0.2222222222222222,38.0,213.88888888888889,1.7777777777777777,3.7777777777777777,24.611111111111107
Malik Heath,24,GNB,WR,13.0,1.0,0.0,0.0,0.0,10.0,9.7,13.0,10.0,97.0,2.0,0.0,31.700000000000003
Quentin Johnston,23,LAC,WR,15.0,11.0,3.0,6.0,0.0,55.0,12.9,91.0,58.0,717.0,8.0,0.0,174.7
Jaleel McLaughlin,24,DEN,RB,16.0,5.0,113.0,76.0,2.0,24.0,3.2,27.0,137.0,572.0,3.0,1.0,97.2
Mitchell Trubisky,30,BUF,QB,9.428571428571429,6.428571428571429,30.571428571428573,0.0,0.0,0.0,,0.0,30.571428571428573,132.28571428571428,1.5714285714285714,2.7142857142857144,17.228571428571428
Kenny Pickett,26,PHI,QB,8.5,6.5,25.5,0.0,0.0,0.0,,0.0,25.5,34.5,1.0,1.5,6.449999999999999
